DrawDate,Ball 1,Ball 2,Ball 3,Ball 4,Ball 5,Lucky Star 1,Lucky Star 2,UK Millionaire Maker,European Millionaire Maker,Ball Set,Machine,DrawNumber
17-Feb-2026,1,4,6,10,41,5,12,"",,,142026
13-Feb-2026,9,13,31,37,40,6,9,"",,,132026
10-Feb-2026,1,17,19,34,42,5,8,"",,,122026
06-Feb-2026,10,13,20,23,24,6,11,"",,,112026
03-Feb-2026,26,27,28,34,37,4,9,"",,,102026
30-Jan-2026,14,18,31,35,46,7,11,"",,,92026
27-Jan-2026,4,23,42,43,47,3,9,"",,,82026
23-Jan-2026,4,5,13,21,42,3,10,"",,,72026
20-Jan-2026,11,18,19,22,50,1,11,"",,,62026
16-Jan-2026,5,17,24,29,50,5,10,"",,,52026
13-Jan-2026,6,10,18,44,47,2,10,"",,,42026
09-Jan-2026,1,7,10,26,34,2,4,"",,,32026
06-Jan-2026,5,14,17,18,31,10,12,"",,,22026
02-Jan-2026,8,27,42,44,46,1,10,"",,,12026
30-Dec-2025,11,26,29,34,44,1,10,"",,,1042025
26-Dec-2025,12,22,32,36,48,3,4,"",,,1032025
23-Dec-2025,8,26,27,29,44,11,12,"",,,1022025
19-Dec-2025,17,21,39,43,44,1,11,"",,,1012025
16-Dec-2025,14,16,40,41,44,2,10,"",,,1002025
12-Dec-2025,7,25,30,37,41,5,11,"",,,992025
09-Dec-2025,2,8,13,29,49,2,11,"",,,982025
05-Dec-2025,9,15,25,34,46,8,12,"",,,972025
02-Dec-2025,4,13,14,20,41,6,12,"",,,962025
28-Nov-2025,5,29,33,39,42,3,9,"",,,952025
25-Nov-2025,6,11,17,35,44,3,7,"",,,942025
21-Nov-2025,17,19,29,35,48,5,9,"",,,932025
18-Nov-2025,2,4,15,21,48,6,12,"",,,922025
14-Nov-2025,9,26,27,45,48,8,9,"",,,912025
11-Nov-2025,4,22,32,36,47,2,10,"",,,902025
07-Nov-2025,11,21,39,40,43,2,8,"",,,892025
04-Nov-2025,6,9,25,28,45,1,4,"",,,882025
31-Oct-2025,5,14,38,43,45,7,11,"",,,872025
28-Oct-2025,7,8,24,35,49,2,12,"",,,862025
24-Oct-2025,7,8,25,31,45,7,12,"",,,852025
21-Oct-2025,5,24,29,40,42,6,12,"",,,842025
17-Oct-2025,13,35,39,44,47,3,5,"",,,832025
14-Oct-2025,5,8,14,16,18,3,10,"",,,822025
10-Oct-2025,6,7,17,20,21,1,10,"",,,812025
07-Oct-2025,24,39,42,43,48,5,8,"",,,802025
03-Oct-2025,6,12,18,25,41,2,6,"",,,792025
30-Sep-2025,3,8,15,17,48,2,8,"",,,782025
26-Sep-2025,4,17,25,28,44,5,11,"",,,772025
23-Sep-2025,11,13,24,29,33,2,5,"",,,762025
19-Sep-2025,8,10,26,32,42,9,12,"",,,752025
16-Sep-2025,1,9,13,35,40,5,6,"",,,742025
12-Sep-2025,5,10,23,31,37,3,11,"",,,732025
09-Sep-2025,3,13,24,39,40,2,8,"",,,722025
05-Sep-2025,27,30,31,41,43,5,8,"",,,712025
02-Sep-2025,13,30,31,32,36,1,12,"",,,702025
29-Aug-2025,6,9,10,13,37,1,7,"",,,692025
26-Aug-2025,2,14,38,42,45,10,11,"",,,682025
22-Aug-2025,6,9,12,30,39,4,10,"",,,672025
19-Aug-2025,24,31,34,41,43,6,8,"",,,662025
15-Aug-2025,13,30,35,36,40,2,6,"",,,652025
12-Aug-2025,18,28,42,46,48,3,9,"",,,642025
08-Aug-2025,2,12,19,34,44,6,10,"",,,632025
05-Aug-2025,1,3,5,42,47,5,10,"",,,622025
01-Aug-2025,4,16,25,29,30,2,10,"",,,612025
29-Jul-2025,5,6,42,44,46,4,8,"",,,602025
25-Jul-2025,6,7,23,32,36,11,12,"",,,592025
22-Jul-2025,8,15,26,33,41,9,10,"",,,582025
18-Jul-2025,13,19,25,42,45,2,9,"",,,572025
15-Jul-2025,24,38,41,45,49,1,6,"",,,562025
11-Jul-2025,8,23,24,45,49,2,10,"",,,552025
08-Jul-2025,1,8,9,18,50,1,5,"",,,542025
04-Jul-2025,19,29,42,45,48,5,7,"",,,532025
01-Jul-2025,1,17,28,32,34,7,8,"",,,522025
27-Jun-2025,19,27,36,45,49,7,10,"",,,512025
24-Jun-2025,7,16,21,23,39,7,11,"",,,502025
20-Jun-2025,5,8,24,37,47,3,9,"",,,492025
17-Jun-2025,13,22,23,44,49,3,5,"",,,482025
13-Jun-2025,2,28,40,43,45,3,7,"",,,472025
10-Jun-2025,19,36,39,40,45,5,6,"",,,462025
06-Jun-2025,20,21,29,30,35,2,12,"",,,452025
03-Jun-2025,12,15,38,47,48,5,7,"",,,442025
30-May-2025,4,7,14,33,36,1,5,"",,,432025
27-May-2025,12,30,38,40,41,4,12,"",,,422025
23-May-2025,10,29,43,46,49,7,12,"",,,412025
20-May-2025,1,8,13,29,47,5,6,"",,,402025
16-May-2025,6,9,25,37,46,6,12,"",,,392025
13-May-2025,9,19,44,47,50,2,9,"",,,382025
09-May-2025,15,18,25,29,47,5,9,"",,,372025
06-May-2025,8,23,24,47,48,4,9,"",,,362025
02-May-2025,3,5,19,21,49,1,10,"",,,352025
29-Apr-2025,2,9,24,30,41,1,11,"",,,342025
25-Apr-2025,13,22,32,39,41,1,12,"",,,332025
22-Apr-2025,7,28,33,37,47,9,12,"",,,322025
18-Apr-2025,20,27,35,39,48,3,8,"",,,312025
15-Apr-2025,3,31,33,38,44,6,12,"",,,302025
11-Apr-2025,14,28,34,46,49,3,8,"",,,292025
08-Apr-2025,3,14,15,48,49,1,7,"",,,282025
04-Apr-2025,27,39,41,45,50,5,7,"",,,272025
01-Apr-2025,9,24,30,46,49,4,12,"",,,262025
28-Mar-2025,10,21,30,42,45,1,9,"",,,252025
25-Mar-2025,1,3,18,33,36,2,6,"",,,242025
21-Mar-2025,9,17,18,21,50,5,12,"",,,232025
18-Mar-2025,4,9,35,46,50,8,11,"",,,222025
14-Mar-2025,8,10,33,35,49,2,9,"",,,212025
11-Mar-2025,13,36,37,42,47,7,11,"",,,202025
07-Mar-2025,6,10,27,32,48,3,8,"",,,192025
04-Mar-2025,15,20,29,35,42,2,9,"",,,182025
28-Feb-2025,7,16,31,43,46,5,9,"",,,172025
25-Feb-2025,17,22,23,24,44,6,11,"",,,162025
21-Feb-2025,1,3,11,20,43,2,11,"",,,152025
18-Feb-2025,5,14,25,26,40,5,7,"",,,142025
14-Feb-2025,4,14,31,36,38,3,10,"",,,132025
11-Feb-2025,3,21,36,41,46,1,6,"",,,122025
07-Feb-2025,10,23,24,29,45,8,10,"",,,112025
04-Feb-2025,3,4,29,39,43,5,10,"",,,102025
31-Jan-2025,22,30,41,44,49,2,7,"",,,92025
28-Jan-2025,9,37,41,42,49,1,9,"",,,82025
24-Jan-2025,2,11,19,30,49,3,8,"",,,72025
21-Jan-2025,6,8,14,27,41,4,5,"",,,62025
17-Jan-2025,8,15,24,35,42,6,8,"",,,52025
14-Jan-2025,18,20,29,41,48,5,9,"",,,42025
10-Jan-2025,12,27,36,37,42,6,7,"",,,32025
07-Jan-2025,20,33,35,41,47,4,12,"",,,22025
03-Jan-2025,3,19,29,35,37,1,9,"",,,12025
31-Dec-2024,19,24,26,28,33,8,12,"",,,1052024
27-Dec-2024,12,22,27,33,45,4,8,"",,,1042024
24-Dec-2024,6,10,16,23,24,11,12,"",,,1032024
20-Dec-2024,10,14,21,33,50,6,9,"",,,1022024
17-Dec-2024,1,3,4,21,29,2,7,"",,,1012024
13-Dec-2024,1,15,25,42,50,4,10,"",,,1002024
10-Dec-2024,5,24,25,29,47,5,9,"",,,992024
06-Dec-2024,14,25,39,44,47,6,10,"",,,982024
03-Dec-2024,23,25,34,46,47,6,8,"",,,972024
29-Nov-2024,8,17,18,29,43,5,9,"",,,962024
26-Nov-2024,7,11,25,31,40,9,12,"",,,952024
22-Nov-2024,10,11,12,29,31,8,11,"",,,942024
19-Nov-2024,4,13,20,28,49,7,12,"",,,932024
15-Nov-2024,7,8,34,39,44,2,6,"",,,922024
12-Nov-2024,10,11,12,22,50,1,10,"",,,912024
08-Nov-2024,2,33,35,42,48,1,3,"",,,902024
05-Nov-2024,1,8,19,37,50,6,9,"",,,892024
01-Nov-2024,7,33,38,44,50,2,7,"",,,882024
29-Oct-2024,1,2,19,30,45,10,12,"",,,872024
25-Oct-2024,4,17,20,25,45,8,9,"",,,862024
22-Oct-2024,3,13,27,30,46,1,2,"",,,852024
18-Oct-2024,4,15,23,30,39,1,12,"",,,842024
15-Oct-2024,2,15,32,36,48,3,9,"",,,832024
11-Oct-2024,16,23,32,46,49,4,5,"",,,822024
08-Oct-2024,7,14,19,34,40,6,8,"",,,812024
04-Oct-2024,4,8,16,17,20,1,6,"",,,802024
01-Oct-2024,8,22,29,41,42,9,11,"",,,792024
27-Sep-2024,7,20,21,27,38,5,12,"",,,782024
24-Sep-2024,18,20,21,36,49,3,5,"",,,772024
20-Sep-2024,16,25,29,34,37,3,7,"",,,762024
17-Sep-2024,20,30,32,41,44,1,10,"",,,752024
13-Sep-2024,10,15,17,31,42,4,12,"",,,742024
10-Sep-2024,6,29,46,47,48,2,9,"",,,732024
06-Sep-2024,12,14,34,41,47,3,4,"",,,722024
03-Sep-2024,7,9,11,16,45,2,5,"",,,712024
30-Aug-2024,3,24,27,33,42,4,6,"",,,702024
27-Aug-2024,1,8,11,42,47,4,11,"",,,692024
23-Aug-2024,9,15,24,47,50,8,9,"",,,682024
20-Aug-2024,7,10,13,18,26,3,12,"",,,672024
16-Aug-2024,15,17,29,45,49,1,10,"",,,662024
13-Aug-2024,15,16,39,40,47,1,6,"",,,652024
09-Aug-2024,21,23,25,33,44,4,10,"",,,642024
06-Aug-2024,1,18,27,41,50,2,12,"",,,632024
02-Aug-2024,5,7,12,33,46,3,12,"",,,622024
30-Jul-2024,9,25,28,37,38,2,8,"",,,612024
26-Jul-2024,4,19,23,35,37,4,8,"",,,602024
23-Jul-2024,4,8,10,16,34,4,8,"",,,592024
19-Jul-2024,15,22,35,44,48,6,7,"",,,582024
16-Jul-2024,2,32,35,36,39,7,8,"",,,572024
12-Jul-2024,12,18,24,25,39,8,10,"",,,562024
09-Jul-2024,6,15,19,28,39,7,11,"",,,552024
05-Jul-2024,11,13,29,31,47,1,11,"",,,542024
02-Jul-2024,2,7,34,35,46,6,8,"",,,532024
28-Jun-2024,10,16,18,22,35,1,10,"",,,522024
25-Jun-2024,14,16,37,45,49,5,7,"",,,512024
21-Jun-2024,3,4,7,11,17,3,12,"",,,502024
18-Jun-2024,3,11,33,34,36,1,12,"",,,492024
14-Jun-2024,2,13,16,24,32,1,7,"",,,482024
11-Jun-2024,7,15,34,45,48,7,9,"",,,472024
07-Jun-2024,15,16,26,30,37,5,8,"",,,462024
04-Jun-2024,6,7,9,14,43,3,4,"",,,452024
31-May-2024,4,7,16,33,34,7,8,"",,,442024
28-May-2024,16,18,35,36,41,6,7,"",,,432024
24-May-2024,9,12,18,22,50,1,3,"",,,422024
21-May-2024,11,13,14,34,48,7,9,"",,,412024
17-May-2024,18,31,32,41,46,1,10,"",,,402024
14-May-2024,2,8,17,28,35,7,9,"",,,392024
10-May-2024,13,28,29,44,48,4,12,"",,,382024
07-May-2024,35,36,41,42,45,6,11,"",,,372024
03-May-2024,6,9,10,30,49,3,4,"",,,362024
30-Apr-2024,13,22,24,33,47,1,5,"",,,352024
26-Apr-2024,2,20,39,40,47,4,8,"",,,342024
23-Apr-2024,6,9,11,32,49,2,10,"",,,332024
19-Apr-2024,10,20,40,44,46,1,3,"",,,322024
16-Apr-2024,22,29,31,39,46,3,7,"",,,312024
12-Apr-2024,2,3,12,16,45,2,11,"",,,302024
09-Apr-2024,19,23,26,27,46,2,10,"",,,292024
05-Apr-2024,13,18,26,35,37,8,11,"",,,282024
02-Apr-2024,1,23,31,36,48,5,8,"",,,272024
29-Mar-2024,16,17,35,36,49,1,10,"",,,262024
26-Mar-2024,2,13,14,26,29,5,6,"",,,252024
22-Mar-2024,8,11,23,32,44,9,10,"",,,242024
19-Mar-2024,7,16,18,20,32,1,3,"",,,232024
15-Mar-2024,1,4,31,34,40,4,5,"",,,222024
12-Mar-2024,13,19,30,38,46,4,12,"",,,212024
08-Mar-2024,8,11,12,16,44,4,7,"",,,202024
05-Mar-2024,2,15,17,23,36,3,8,"",,,192024
01-Mar-2024,4,7,19,20,34,2,4,"",,,182024
27-Feb-2024,3,4,9,12,20,5,6,"",,,172024
23-Feb-2024,24,27,28,30,49,1,12,"",,,162024
20-Feb-2024,23,31,37,42,48,3,7,"",,,152024
16-Feb-2024,8,13,14,24,26,1,2,"",,,142024
13-Feb-2024,13,17,18,20,46,4,9,"",,,132024
09-Feb-2024,23,24,35,37,45,9,12,"",,,122024
06-Feb-2024,2,7,21,28,45,5,11,"",,,112024
02-Feb-2024,13,20,23,27,42,5,9,"",,,102024
30-Jan-2024,5,10,19,27,30,5,6,"",,,92024
26-Jan-2024,8,19,32,41,42,9,12,"",,,82024
23-Jan-2024,14,23,39,48,50,3,12,"",,,72024
19-Jan-2024,27,28,44,48,50,7,12,"",,,62024
16-Jan-2024,10,18,21,33,45,8,12,"",,,52024
12-Jan-2024,16,17,18,45,49,9,12,"",,,42024
09-Jan-2024,2,9,12,39,40,1,3,"",,,32024
05-Jan-2024,4,7,18,39,50,3,8,"",,,22024
02-Jan-2024,7,15,18,46,49,10,12,"",,,12024
29-Dec-2023,2,3,19,36,37,6,9,"",,,1042023
26-Dec-2023,8,27,30,35,47,9,10,"",,,1032023
22-Dec-2023,6,14,34,44,49,4,12,"",,,1022023
19-Dec-2023,10,20,41,43,45,2,12,"",,,1012023
15-Dec-2023,2,13,37,38,48,5,9,"",,,1002023
12-Dec-2023,6,28,37,39,43,9,12,"",,,992023
08-Dec-2023,17,30,42,48,50,4,8,"",,,982023
05-Dec-2023,4,6,20,24,25,5,9,"",,,972023
01-Dec-2023,4,10,14,38,50,9,12,"",,,962023
28-Nov-2023,12,16,27,33,44,7,8,"",,,952023
24-Nov-2023,15,20,29,39,48,1,7,"",,,942023
21-Nov-2023,19,29,34,46,47,2,3,"",,,932023
17-Nov-2023,2,24,26,46,50,2,7,"",,,922023
14-Nov-2023,13,16,36,44,50,3,5,"",,,912023
10-Nov-2023,10,21,30,38,42,2,12,"",,,902023
07-Nov-2023,8,10,11,30,39,4,10,"",,,892023
03-Nov-2023,8,21,31,39,47,5,9,"",,,882023
31-Oct-2023,5,7,20,40,50,2,10,"",,,872023
27-Oct-2023,29,33,35,48,49,3,8,"",,,862023
24-Oct-2023,8,16,18,31,34,6,9,"",,,852023
20-Oct-2023,2,20,28,40,45,1,5,"",,,842023
17-Oct-2023,10,17,20,35,40,3,4,"",,,832023
13-Oct-2023,21,26,28,40,41,2,4,"",,,822023
10-Oct-2023,18,20,22,33,43,3,9,"",,,812023
06-Oct-2023,21,29,31,34,43,2,9,"",,,802023
03-Oct-2023,6,20,22,24,45,4,5,"",,,792023
29-Sep-2023,9,11,13,21,32,2,7,"",,,782023
26-Sep-2023,2,6,14,19,23,5,7,"",,,772023
22-Sep-2023,3,23,24,34,35,5,8,"",,,762023
19-Sep-2023,10,15,31,41,42,2,5,"",,,752023
15-Sep-2023,12,14,21,45,48,8,11,"",,,742023
12-Sep-2023,5,14,36,40,42,2,11,"",,,732023
08-Sep-2023,10,20,21,26,33,3,4,"",,,722023
05-Sep-2023,1,7,24,41,48,10,12,"",,,712023
01-Sep-2023,4,5,35,37,43,5,6,"",,,702023
29-Aug-2023,21,23,32,40,49,8,11,"",,,692023
25-Aug-2023,16,17,34,35,44,5,10,"",,,682023
22-Aug-2023,2,9,23,32,40,6,7,"",,,672023
18-Aug-2023,23,25,30,44,47,9,12,"",,,662023
15-Aug-2023,3,5,9,32,43,6,10,"",,,652023
11-Aug-2023,4,6,10,13,34,3,5,"",,,642023
08-Aug-2023,8,9,33,35,40,3,6,"",,,632023
04-Aug-2023,15,20,31,44,48,1,3,"",,,622023
01-Aug-2023,25,27,35,40,45,7,11,"",,,612023
28-Jul-2023,7,32,33,34,38,6,9,"",,,602023
25-Jul-2023,5,7,11,27,37,6,12,"",,,592023
21-Jul-2023,7,31,33,35,36,7,10,"",,,582023
18-Jul-2023,4,12,34,35,45,1,9,"",,,572023
14-Jul-2023,5,8,29,35,48,5,6,"",,,562023
11-Jul-2023,2,11,28,42,48,4,9,"",,,552023
07-Jul-2023,2,11,12,19,38,4,8,"",,,542023
04-Jul-2023,14,17,23,36,44,2,8,"",,,532023
30-Jun-2023,1,6,25,29,36,7,10,"",,,522023
27-Jun-2023,17,22,23,27,44,1,7,"",,,512023
23-Jun-2023,1,3,11,33,46,10,11,"",,,502023
20-Jun-2023,11,17,28,32,35,5,6,"",,,492023
16-Jun-2023,7,26,34,41,44,9,11,"",,,482023
13-Jun-2023,15,16,21,41,50,5,6,"",,,472023
09-Jun-2023,18,26,36,41,50,11,12,"",,,462023
06-Jun-2023,13,21,32,39,50,2,10,"",,,452023
02-Jun-2023,3,12,15,25,43,10,11,"",,,442023
30-May-2023,27,29,32,33,47,2,8,"",,,432023
26-May-2023,15,25,37,38,41,1,7,"",,,422023
23-May-2023,5,6,14,23,34,2,11,"",,,412023
19-May-2023,18,27,34,41,49,3,9,"",,,402023
16-May-2023,4,6,9,14,37,4,11,"",,,392023
12-May-2023,9,10,13,39,44,4,6,"",,,382023
09-May-2023,13,17,21,28,46,7,9,"",,,372023
05-May-2023,3,8,18,34,49,3,7,"",,,362023
02-May-2023,7,32,44,47,48,7,8,"",,,352023
28-Apr-2023,11,13,16,23,34,1,10,"",,,342023
25-Apr-2023,10,29,30,40,45,1,12,"",,,332023
21-Apr-2023,7,8,18,33,42,2,8,"",,,322023
18-Apr-2023,17,21,23,35,37,10,11,"",,,312023
14-Apr-2023,4,11,37,44,49,6,7,"",,,302023
11-Apr-2023,10,14,16,19,29,2,10,"",,,292023
07-Apr-2023,5,26,28,36,46,6,12,"",,,282023
04-Apr-2023,10,16,31,33,50,3,8,"",,,272023
31-Mar-2023,16,18,28,34,47,5,10,"",,,262023
28-Mar-2023,16,21,34,36,44,9,10,"",,,252023
24-Mar-2023,5,12,25,36,46,6,10,"",,,242023
21-Mar-2023,1,9,20,29,32,2,3,"",,,232023
17-Mar-2023,5,15,26,37,49,8,11,"",,,222023
14-Mar-2023,16,26,28,31,46,11,12,"",,,212023
10-Mar-2023,9,16,37,38,48,2,7,"",,,202023
07-Mar-2023,11,13,24,35,50,6,11,"",,,192023
03-Mar-2023,3,6,8,24,50,10,11,"",,,182023
28-Feb-2023,12,29,33,37,47,5,10,"",,,172023
24-Feb-2023,7,23,34,42,48,1,3,"",,,162023
21-Feb-2023,21,22,34,41,49,2,7,"",,,152023
17-Feb-2023,8,23,27,42,45,1,9,"",,,142023
14-Feb-2023,24,26,38,43,46,2,3,"",,,132023
10-Feb-2023,3,13,25,36,47,3,8,"",,,122023
07-Feb-2023,2,8,34,44,47,3,9,"",,,112023
03-Feb-2023,2,14,17,32,45,3,10,"",,,102023
31-Jan-2023,7,12,19,33,43,3,7,"",,,92023
27-Jan-2023,8,9,15,19,31,10,12,"",,,82023
24-Jan-2023,11,27,41,43,47,7,11,"",,,72023
20-Jan-2023,3,6,13,40,42,7,11,"",,,62023
17-Jan-2023,18,21,30,46,50,2,6,"",,,52023
13-Jan-2023,4,13,25,33,37,5,10,"",,,42023
10-Jan-2023,11,13,34,40,42,3,10,"",,,32023
06-Jan-2023,16,31,35,44,45,4,12,"",,,22023
03-Jan-2023,20,21,29,45,46,3,10,"",,,12023
30-Dec-2022,17,34,42,47,48,1,9,"",,,1042022
27-Dec-2022,19,31,33,34,43,3,5,"",,,1032022
23-Dec-2022,16,17,23,26,35,5,11,"",,,1022022
20-Dec-2022,1,11,17,20,27,4,5,"",,,1012022
16-Dec-2022,2,15,19,35,44,2,7,"",,,1002022
13-Dec-2022,3,9,12,26,30,10,11,"",,,992022
09-Dec-2022,8,27,31,46,50,1,3,"",,,982022
06-Dec-2022,12,20,25,26,27,8,12,"",,,972022
02-Dec-2022,12,21,35,39,45,6,11,"",,,962022
29-Nov-2022,15,20,24,35,38,8,12,"",,,952022
25-Nov-2022,19,21,35,37,39,2,6,"",,,942022
22-Nov-2022,21,22,24,29,42,3,11,"",,,932022
18-Nov-2022,13,16,19,35,41,1,11,"",,,922022
15-Nov-2022,13,21,24,31,33,1,12,"",,,912022
11-Nov-2022,2,19,24,25,44,2,10,"",,,902022
08-Nov-2022,3,5,32,33,50,1,8,"",,,892022
04-Nov-2022,2,11,37,45,47,2,3,"",,,882022
01-Nov-2022,19,37,42,47,48,1,6,"",,,872022
28-Oct-2022,14,16,21,28,35,1,11,"",,,862022
25-Oct-2022,7,24,34,39,46,1,6,"",,,852022
21-Oct-2022,25,26,28,38,40,1,6,"",,,842022
18-Oct-2022,3,5,13,42,48,1,6,"",,,832022
14-Oct-2022,24,28,29,34,48,3,7,"",,,822022
11-Oct-2022,8,23,32,35,40,1,8,"",,,812022
07-Oct-2022,26,27,42,45,50,1,12,"",,,802022
04-Oct-2022,3,18,28,42,43,3,12,"",,,792022
30-Sep-2022,1,2,11,16,26,3,12,"",,,782022
27-Sep-2022,4,20,21,34,44,1,3,"",,,772022
23-Sep-2022,14,15,22,35,48,3,8,"",,,762022
20-Sep-2022,11,21,23,32,48,3,12,"",,,752022
16-Sep-2022,10,27,36,45,49,3,4,"",,,742022
13-Sep-2022,9,12,15,40,47,1,11,"",,,732022
09-Sep-2022,17,23,24,26,27,4,9,"",,,722022
06-Sep-2022,7,10,22,29,44,4,5,"",,,712022
02-Sep-2022,7,12,13,20,45,3,12,"",,,702022
30-Aug-2022,4,6,10,15,19,1,4,"",,,692022
26-Aug-2022,22,23,25,38,44,11,12,"",,,682022
23-Aug-2022,19,26,31,39,48,2,3,"",,,672022
19-Aug-2022,2,9,13,19,38,2,6,"",,,662022
16-Aug-2022,10,14,25,32,39,7,8,"",,,652022
12-Aug-2022,14,17,34,35,42,6,10,"",,,642022
09-Aug-2022,18,19,21,27,47,5,11,"",,,632022
05-Aug-2022,3,29,33,35,44,8,10,"",,,622022
02-Aug-2022,7,18,28,40,48,8,11,"",,,612022
29-Jul-2022,3,23,38,43,48,3,8,"",,,602022
26-Jul-2022,3,5,17,25,27,1,9,"",,,592022
22-Jul-2022,16,18,29,32,50,4,11,"",,,582022
19-Jul-2022,6,23,27,40,41,2,12,"",,,572022
15-Jul-2022,9,17,29,38,39,7,10,"",,,562022
12-Jul-2022,14,18,24,25,50,6,11,"",,,552022
08-Jul-2022,28,31,35,43,46,4,7,"",,,542022
05-Jul-2022,7,10,25,45,48,3,6,"",,,532022
01-Jul-2022,6,18,24,34,46,3,12,"",,,522022
28-Jun-2022,10,35,42,47,48,2,11,"",,,512022
24-Jun-2022,10,17,28,44,50,8,12,"",,,502022
21-Jun-2022,6,23,36,39,47,8,10,"",,,492022
17-Jun-2022,19,21,22,31,38,7,11,"",,,482022
14-Jun-2022,2,7,27,34,40,3,11,"",,,472022
10-Jun-2022,17,26,36,37,40,9,12,"",,,462022
07-Jun-2022,6,16,17,25,31,2,6,"",,,452022
03-Jun-2022,12,28,29,34,48,9,11,"",,,442022
31-May-2022,3,10,13,42,49,3,9,"",,,432022
27-May-2022,15,23,28,34,48,3,5,"",,,422022
24-May-2022,10,13,27,36,37,2,10,"",,,412022
20-May-2022,8,22,23,32,50,3,9,"",,,402022
17-May-2022,5,28,30,48,49,5,11,"",,,392022
13-May-2022,3,11,17,45,48,4,8,"",,,382022
10-May-2022,3,25,27,28,29,4,9,"",,,372022
06-May-2022,3,8,18,24,40,3,11,"",,,362022
03-May-2022,8,20,26,47,48,3,8,"",,,352022
29-Apr-2022,10,11,20,36,37,3,7,"",,,342022
26-Apr-2022,4,25,28,34,45,8,11,"",,,332022
22-Apr-2022,6,11,21,35,36,1,9,"",,,322022
19-Apr-2022,2,12,17,28,46,6,10,"",,,312022
15-Apr-2022,6,24,30,32,48,5,6,"",,,302022
12-Apr-2022,21,30,31,35,47,2,10,"",,,292022
08-Apr-2022,1,15,16,38,45,4,11,"",,,282022
05-Apr-2022,1,11,13,24,49,5,6,"",,,272022
01-Apr-2022,2,7,21,31,45,4,10,"",,,262022
29-Mar-2022,8,11,33,42,43,6,11,"",,,252022
25-Mar-2022,6,10,24,27,29,5,12,"",,,242022
22-Mar-2022,7,17,21,29,40,8,11,"",,,232022
18-Mar-2022,1,9,14,17,43,6,12,"",,,222022
15-Mar-2022,1,2,12,19,26,2,8,"",,,212022
11-Mar-2022,12,19,22,23,48,2,6,"",,,202022
08-Mar-2022,12,18,21,25,31,2,9,"",,,192022
04-Mar-2022,6,20,40,42,43,10,12,"",,,182022
01-Mar-2022,8,24,26,39,42,3,5,"",,,172022
25-Feb-2022,10,13,24,30,42,1,5,"",,,162022
22-Feb-2022,5,9,14,26,32,3,7,"",,,152022
18-Feb-2022,25,38,41,43,50,6,10,"",,,142022
15-Feb-2022,9,20,31,33,44,2,12,"",,,132022
11-Feb-2022,13,18,38,42,45,7,11,"",,,122022
08-Feb-2022,6,20,34,37,43,7,10,"",,,112022
04-Feb-2022,3,25,38,43,49,3,7,"",,,102022
01-Feb-2022,1,19,36,38,49,6,9,"",,,92022
28-Jan-2022,10,25,29,34,45,9,10,"",,,82022
25-Jan-2022,6,16,18,39,47,2,4,"",,,72022
21-Jan-2022,5,14,35,36,39,7,12,"",,,62022
18-Jan-2022,3,12,19,24,30,2,5,"",,,52022
14-Jan-2022,6,17,25,31,46,9,12,"",,,42022
11-Jan-2022,4,23,32,33,44,9,12,"",,,32022
07-Jan-2022,2,14,37,44,50,7,11,"",,,22022
04-Jan-2022,18,28,35,36,41,6,11,"",,,12022
31-Dec-2021,7,22,25,43,49,6,7,"",,,1052021
28-Dec-2021,4,6,15,17,29,9,12,"",,,1042021
24-Dec-2021,2,26,28,34,41,5,10,"",,,1032021
21-Dec-2021,12,17,21,34,38,2,3,"",,,1022021
17-Dec-2021,1,2,15,30,35,2,7,"",,,1012021
14-Dec-2021,19,21,37,47,48,3,6,"",,,1002021
10-Dec-2021,11,21,33,38,42,2,8,"",,,992021
07-Dec-2021,22,31,38,46,47,7,11,"",,,982021
03-Dec-2021,21,22,29,32,46,9,10,"",,,972021
30-Nov-2021,19,20,26,33,43,1,4,"",,,962021
26-Nov-2021,1,20,41,42,50,3,7,"",,,952021
23-Nov-2021,17,21,36,42,46,7,10,"",,,942021
19-Nov-2021,22,26,38,47,50,2,6,"",,,932021
16-Nov-2021,9,19,21,32,36,3,4,"",,,922021
12-Nov-2021,2,9,15,47,50,6,9,"",,,912021
09-Nov-2021,17,25,26,33,36,1,8,"",,,902021
05-Nov-2021,2,12,25,30,41,8,11,"",,,892021
02-Nov-2021,2,3,17,29,43,1,4,"",,,882021
29-Oct-2021,10,15,28,32,49,3,9,"",,,872021
26-Oct-2021,12,15,20,42,44,1,2,"",,,862021
22-Oct-2021,12,17,22,33,39,2,12,"",,,852021
19-Oct-2021,4,20,36,40,41,1,6,"",,,842021
15-Oct-2021,21,26,31,34,49,2,5,"",,,832021
12-Oct-2021,6,13,22,45,49,10,11,"",,,822021
08-Oct-2021,1,10,23,42,46,3,5,"",,,812021
05-Oct-2021,11,13,14,36,45,7,9,"",,,802021
01-Oct-2021,1,15,19,26,48,6,12,"",,,792021
28-Sep-2021,6,7,12,33,39,1,7,"",,,782021
24-Sep-2021,2,12,20,27,41,10,12,"",,,772021
21-Sep-2021,20,25,26,30,38,2,8,"",,,762021
17-Sep-2021,5,7,8,10,34,1,9,"",,,752021
14-Sep-2021,12,18,35,38,45,2,8,"",,,742021
10-Sep-2021,1,6,7,18,28,2,8,"",,,732021
07-Sep-2021,7,19,35,42,43,7,9,"",,,722021
03-Sep-2021,5,7,13,29,35,3,7,"",,,712021
31-Aug-2021,5,13,17,32,43,2,10,"",,,702021
27-Aug-2021,2,3,31,46,50,8,12,"",,,692021
24-Aug-2021,19,21,36,44,50,3,10,"",,,682021
20-Aug-2021,3,9,19,20,23,9,11,"",,,672021
17-Aug-2021,12,31,41,42,47,4,6,"",,,662021
13-Aug-2021,6,12,44,47,49,8,12,"",,,652021
10-Aug-2021,9,37,47,48,49,2,7,"",,,642021
06-Aug-2021,7,14,21,26,32,4,12,"",,,632021
03-Aug-2021,17,21,23,45,46,7,11,"",,,622021
30-Jul-2021,10,23,33,35,37,5,10,"",,,612021
27-Jul-2021,5,9,19,21,25,10,12,"",,,602021
23-Jul-2021,23,24,26,34,50,2,4,"",,,592021
20-Jul-2021,3,12,19,41,48,6,9,"",,,582021
16-Jul-2021,5,16,42,47,49,3,11,"",,,572021
13-Jul-2021,5,6,8,11,22,3,4,"",,,562021
09-Jul-2021,6,19,36,37,49,4,11,"",,,552021
06-Jul-2021,2,5,21,27,42,9,11,"",,,542021
02-Jul-2021,9,14,29,38,49,7,10,"",,,532021
29-Jun-2021,6,12,20,24,48,5,6,"",,,522021
25-Jun-2021,1,29,30,33,36,3,12,"",,,512021
22-Jun-2021,6,24,26,27,41,3,8,"",,,502021
18-Jun-2021,11,20,27,30,41,3,5,"",,,492021
15-Jun-2021,11,21,26,30,31,2,3,"",,,482021
11-Jun-2021,9,17,21,33,39,7,11,"",,,472021
08-Jun-2021,2,11,26,36,47,7,9,"",,,462021
04-Jun-2021,7,20,36,40,46,2,4,"",,,452021
01-Jun-2021,3,10,26,35,44,6,7,"",,,442021
28-May-2021,11,13,16,34,40,1,12,"",,,432021
25-May-2021,1,21,26,30,38,2,8,"",,,422021
21-May-2021,2,9,13,15,35,3,10,"",,,412021
18-May-2021,5,13,38,39,40,4,12,"",,,402021
14-May-2021,6,16,18,29,38,6,11,"",,,392021
11-May-2021,14,25,34,43,46,5,6,"",,,382021
07-May-2021,14,22,33,38,47,8,9,"",,,372021
04-May-2021,3,10,13,28,46,4,11,"",,,362021
30-Apr-2021,1,16,24,28,46,2,11,"",,,352021
27-Apr-2021,13,14,24,35,49,1,10,"",,,342021
23-Apr-2021,3,14,15,19,29,2,8,"",,,332021
20-Apr-2021,5,17,28,41,46,10,11,"",,,322021
16-Apr-2021,6,11,29,40,48,5,9,"",,,312021
13-Apr-2021,16,20,31,47,50,2,8,"",,,302021
09-Apr-2021,2,8,32,35,44,8,11,"",,,292021
06-Apr-2021,2,21,37,38,50,7,8,"",,,282021
02-Apr-2021,4,21,34,40,47,2,5,"",,,272021
30-Mar-2021,24,27,28,29,42,4,8,"",,,262021
26-Mar-2021,10,12,37,49,50,3,8,"",,,252021
23-Mar-2021,2,26,29,36,49,3,9,"",,,242021
19-Mar-2021,3,9,35,43,44,1,10,"",,,232021
16-Mar-2021,23,25,32,35,47,2,6,"",,,222021
12-Mar-2021,4,6,9,11,44,10,11,"",,,212021
09-Mar-2021,1,16,21,32,33,11,12,"",,,202021
05-Mar-2021,4,5,39,46,48,7,10,"",,,192021
02-Mar-2021,2,19,24,26,49,6,7,"",,,182021
26-Feb-2021,6,12,22,29,33,6,11,"",,,172021
23-Feb-2021,9,18,30,39,45,1,3,"",,,162021
19-Feb-2021,4,12,25,46,48,7,12,"",,,152021
16-Feb-2021,5,9,25,29,30,6,7,"",,,142021
12-Feb-2021,7,23,30,32,36,8,12,"",,,132021
09-Feb-2021,5,10,24,31,37,9,10,"",,,122021
05-Feb-2021,12,19,37,44,45,2,6,"",,,112021
02-Feb-2021,18,20,35,38,48,9,12,"",,,102021
29-Jan-2021,1,5,27,36,42,1,6,"",,,92021
26-Jan-2021,5,7,25,37,40,2,8,"",,,82021
22-Jan-2021,8,16,42,44,47,6,7,"",,,72021
19-Jan-2021,25,27,31,35,43,5,6,"",,,62021
15-Jan-2021,4,10,27,38,40,3,11,"",,,52021
12-Jan-2021,2,10,18,34,35,6,9,"",,,42021
08-Jan-2021,18,23,37,41,42,4,6,"",,,32021
05-Jan-2021,12,34,37,38,42,1,3,"",,,22021
01-Jan-2021,16,28,32,44,48,1,9,"",,,12021
29-Dec-2020,7,32,39,40,45,3,8,"",,,1042020
25-Dec-2020,16,21,27,30,32,3,5,"",,,1032020
22-Dec-2020,2,10,16,42,50,4,11,"",,,1022020
18-Dec-2020,2,3,13,17,21,7,8,"",,,1012020
15-Dec-2020,9,13,21,29,35,1,2,"",,,1002020
11-Dec-2020,6,9,13,24,41,3,12,"",,,992020
08-Dec-2020,1,4,21,24,46,2,12,"",,,982020
04-Dec-2020,14,20,27,34,38,1,11,"",,,972020
01-Dec-2020,14,20,29,47,49,4,12,"",,,962020
27-Nov-2020,2,5,8,14,16,8,9,"",,,952020
24-Nov-2020,25,33,38,42,50,8,12,"",,,942020
20-Nov-2020,28,29,39,48,50,5,7,"",,,932020
17-Nov-2020,16,19,25,30,44,2,6,"",,,922020
13-Nov-2020,1,5,17,28,31,1,10,"",,,912020
10-Nov-2020,3,19,29,32,38,5,12,"",,,902020
06-Nov-2020,7,12,37,40,50,1,2,"",,,892020
03-Nov-2020,5,7,18,20,30,6,7,"",,,882020
30-Oct-2020,12,16,20,21,28,3,9,"",,,872020
27-Oct-2020,13,15,28,32,44,3,12,"",,,862020
23-Oct-2020,10,15,19,21,23,3,12,"",,,852020
20-Oct-2020,5,6,15,37,42,3,4,"",,,842020
16-Oct-2020,15,33,38,40,50,3,6,"",,,832020
13-Oct-2020,5,14,38,41,46,1,10,"",,,822020
09-Oct-2020,11,15,35,41,50,5,8,"",,,812020
06-Oct-2020,4,21,36,41,47,9,11,"",,,802020
02-Oct-2020,6,12,15,40,45,3,9,"",,,792020
29-Sep-2020,4,14,16,41,44,11,12,"",,,782020
25-Sep-2020,19,23,34,37,45,1,7,"",,,772020
22-Sep-2020,16,25,28,39,40,1,6,"",,,762020
18-Sep-2020,2,10,19,25,45,1,7,"",,,752020
15-Sep-2020,16,20,25,30,38,6,8,"",,,742020
11-Sep-2020,34,38,42,43,45,9,12,"",,,732020
08-Sep-2020,2,9,31,35,41,9,12,"",,,722020
04-Sep-2020,6,22,29,40,43,4,7,"",,,712020
01-Sep-2020,4,8,10,33,46,8,11,"",,,702020
28-Aug-2020,7,12,16,17,31,7,9,"",,,692020
25-Aug-2020,7,18,30,37,39,8,10,"",,,682020
21-Aug-2020,10,15,35,44,50,3,5,"",,,672020
18-Aug-2020,6,12,17,34,42,5,12,"",,,662020
14-Aug-2020,9,10,19,42,49,4,12,"",,,652020
11-Aug-2020,8,13,14,42,50,3,9,"",,,642020
07-Aug-2020,5,20,21,36,41,6,11,"",,,632020
04-Aug-2020,1,2,5,15,42,5,8,"",,,622020
31-Jul-2020,21,24,30,46,49,2,5,"",,,612020
28-Jul-2020,9,13,15,17,34,2,7,"",,,602020
24-Jul-2020,8,9,27,28,50,4,12,"",,,592020
21-Jul-2020,14,15,24,29,42,2,4,"",,,582020
17-Jul-2020,7,15,27,41,43,7,9,"",,,572020
14-Jul-2020,11,22,30,37,47,9,10,"",,,562020
10-Jul-2020,15,17,23,30,38,2,7,"",,,552020
07-Jul-2020,12,16,23,33,41,8,10,"",,,542020
03-Jul-2020,4,16,27,37,39,3,6,"",,,532020
30-Jun-2020,1,6,11,28,42,2,10,"",,,522020
26-Jun-2020,1,10,12,21,26,5,11,"",,,512020
23-Jun-2020,2,12,19,46,49,1,8,"",,,502020
19-Jun-2020,5,14,19,24,43,3,11,"",,,492020
16-Jun-2020,4,9,11,17,39,2,10,"",,,482020
12-Jun-2020,2,24,39,45,46,4,8,"",,,472020
09-Jun-2020,5,15,27,36,46,2,8,"",,,462020
05-Jun-2020,5,11,17,24,37,3,6,"",,,452020
02-Jun-2020,10,12,22,26,49,7,11,"",,,442020
29-May-2020,4,8,11,19,46,4,8,"",,,432020
26-May-2020,4,9,14,21,27,4,6,"",,,422020
22-May-2020,3,18,22,27,32,2,7,"",,,412020
19-May-2020,5,25,32,37,43,6,7,"",,,402020
15-May-2020,11,23,32,34,39,1,6,"",,,392020
12-May-2020,9,16,29,37,39,4,11,"",,,382020
08-May-2020,8,25,32,33,38,7,9,"",,,372020
05-May-2020,2,10,22,27,41,2,3,"",,,362020
01-May-2020,19,20,38,45,47,2,6,"",,,352020
28-Apr-2020,15,23,26,28,32,1,5,"",,,342020
24-Apr-2020,1,5,19,21,28,4,7,"",,,332020
21-Apr-2020,10,11,14,23,28,6,8,"",,,322020
17-Apr-2020,16,28,32,37,45,1,11,"",,,312020
14-Apr-2020,6,29,34,35,40,4,11,"",,,302020
10-Apr-2020,3,10,17,33,39,1,4,"",,,292020
07-Apr-2020,4,5,14,33,48,7,12,"",,,282020
03-Apr-2020,16,19,34,46,50,2,6,"",,,272020
31-Mar-2020,12,17,24,30,36,1,9,"",,,262020
27-Mar-2020,11,14,27,41,46,2,3,"",,,252020
24-Mar-2020,7,12,26,30,33,10,11,"",,,242020
20-Mar-2020,3,9,20,34,40,6,12,"",,,232020
17-Mar-2020,5,7,8,16,20,2,12,"",,,222020
13-Mar-2020,3,11,21,27,36,9,10,"",,,212020
10-Mar-2020,11,23,30,37,43,5,12,"",,,202020
06-Mar-2020,15,38,43,45,46,1,11,"",,,192020
03-Mar-2020,4,14,27,44,45,1,10,"",,,182020
28-Feb-2020,8,11,20,22,23,3,4,"",,,172020
25-Feb-2020,1,4,18,27,42,4,6,"",,,162020
21-Feb-2020,7,23,30,32,45,5,9,"",,,152020
18-Feb-2020,11,32,34,38,47,2,10,"",,,142020
14-Feb-2020,5,20,35,41,49,6,10,"",,,132020
11-Feb-2020,24,26,32,43,46,6,10,"",,,122020
07-Feb-2020,9,15,17,25,40,3,9,"",,,112020
04-Feb-2020,21,23,33,35,47,6,7,"",,,102020
31-Jan-2020,13,18,20,23,30,2,4,"",,,92020
28-Jan-2020,1,19,27,31,38,4,5,"",,,82020
24-Jan-2020,3,4,6,9,24,5,8,"",,,72020
21-Jan-2020,10,11,24,36,46,3,5,"",,,62020
17-Jan-2020,8,19,20,29,44,3,8,"",,,52020
14-Jan-2020,21,25,29,39,44,8,9,"",,,42020
10-Jan-2020,6,17,32,44,46,2,6,"",,,32020
07-Jan-2020,5,8,12,37,43,6,11,"",,,22020
03-Jan-2020,5,15,20,36,47,8,12,"",,,12020
31-Dec-2019,26,31,33,41,48,2,4,"",,,1052019
27-Dec-2019,1,7,22,26,35,5,10,"",,,1042019
24-Dec-2019,3,11,13,14,47,3,6,"",,,1032019
20-Dec-2019,8,24,30,32,34,3,4,"",,,1022019
17-Dec-2019,1,7,12,25,49,6,9,"",,,1012019
13-Dec-2019,9,16,18,23,32,2,10,"",,,1002019
10-Dec-2019,2,10,19,21,47,2,8,"",,,992019
06-Dec-2019,1,3,27,39,46,1,10,"",,,982019
03-Dec-2019,18,31,32,38,48,4,12,"",,,972019
29-Nov-2019,3,7,12,42,50,6,8,"",,,962019
26-Nov-2019,2,3,15,19,34,5,8,"",,,952019
22-Nov-2019,3,21,32,34,48,3,11,"",,,942019
19-Nov-2019,8,10,15,30,42,4,6,"",,,932019
15-Nov-2019,3,13,20,32,34,4,11,"",,,922019
12-Nov-2019,1,21,23,25,39,2,4,"",,,912019
08-Nov-2019,8,17,20,23,45,2,8,"",,,902019
05-Nov-2019,9,14,25,33,48,2,12,"",,,892019
01-Nov-2019,2,20,39,44,48,5,7,"",,,882019
29-Oct-2019,16,18,28,42,49,5,10,"",,,872019
25-Oct-2019,34,37,39,40,50,4,10,"",,,862019
22-Oct-2019,2,5,32,33,47,7,8,"",,,852019
18-Oct-2019,8,18,22,41,42,11,12,"",,,842019
15-Oct-2019,3,28,31,32,34,4,5,"",,,832019
11-Oct-2019,2,14,19,42,45,5,6,"",,,822019
08-Oct-2019,7,10,15,44,49,3,12,"",,,812019
04-Oct-2019,6,9,35,41,44,6,9,"",,,802019
01-Oct-2019,2,11,18,40,46,1,4,"",,,792019
27-Sep-2019,24,37,41,43,46,2,8,"",,,782019
24-Sep-2019,2,33,42,47,48,1,2,"",,,772019
20-Sep-2019,8,21,25,38,50,4,8,"",,,762019
17-Sep-2019,22,37,43,44,45,1,12,"",,,752019
13-Sep-2019,1,12,27,42,47,6,7,"",,,742019
10-Sep-2019,3,22,25,30,49,3,6,"",,,732019
06-Sep-2019,10,13,22,40,48,2,5,"",,,722019
03-Sep-2019,7,11,38,39,44,7,10,"",,,712019
30-Aug-2019,25,27,45,46,49,4,6,"",,,702019
27-Aug-2019,8,26,35,43,47,1,9,"",,,692019
23-Aug-2019,4,17,35,42,45,2,8,"",,,682019
20-Aug-2019,20,22,23,24,37,1,4,"",,,672019
16-Aug-2019,9,10,27,37,42,1,5,"",,,662019
13-Aug-2019,13,29,31,33,40,2,3,"",,,652019
09-Aug-2019,2,14,35,41,42,10,11,"",,,642019
06-Aug-2019,12,13,29,36,38,4,12,"",,,632019
02-Aug-2019,13,22,33,44,50,2,5,"",,,622019
30-Jul-2019,15,20,23,27,40,3,6,"",,,612019
26-Jul-2019,2,5,27,37,42,3,10,"",,,602019
23-Jul-2019,1,14,19,23,38,3,7,"",,,592019
19-Jul-2019,13,14,17,26,28,2,7,"",,,582019
16-Jul-2019,3,5,13,18,39,7,8,"",,,572019
12-Jul-2019,2,31,39,45,47,4,8,"",,,562019
09-Jul-2019,7,29,32,36,41,6,7,"",,,552019
05-Jul-2019,2,9,20,34,42,6,9,"",,,542019
02-Jul-2019,11,19,29,44,45,8,12,"",,,532019
28-Jun-2019,1,3,16,33,49,2,11,"",,,522019
25-Jun-2019,6,26,27,34,46,1,9,"",,,512019
21-Jun-2019,5,8,9,25,39,3,7,"",,,502019
18-Jun-2019,12,24,37,40,44,3,7,"",,,492019
14-Jun-2019,1,13,30,31,39,2,7,"",,,482019
11-Jun-2019,25,27,39,42,46,11,12,"",,,472019
07-Jun-2019,1,4,16,20,34,2,5,"",,,462019
04-Jun-2019,9,31,32,39,41,2,8,"",,,452019
31-May-2019,1,23,24,26,35,1,11,"",,,442019
28-May-2019,7,19,20,28,29,1,5,"",,,432019
24-May-2019,5,16,23,30,49,6,7,"",,,422019
21-May-2019,32,33,34,39,47,8,12,"",,,412019
17-May-2019,16,28,42,43,45,6,7,"",,,402019
14-May-2019,10,14,17,25,50,2,10,"",,,392019
10-May-2019,1,4,27,45,48,1,7,"",,,382019
07-May-2019,7,20,26,32,47,2,11,"",,,372019
03-May-2019,2,9,20,27,43,5,6,"",,,362019
30-Apr-2019,5,12,20,26,48,2,11,"",,,352019
26-Apr-2019,14,33,35,47,50,9,11,"",,,342019
23-Apr-2019,18,23,27,42,44,2,7,"",,,332019
19-Apr-2019,7,8,32,41,49,5,11,"",,,322019
16-Apr-2019,1,8,15,44,49,2,11,"",,,312019
12-Apr-2019,1,28,35,36,46,6,9,"",,,302019
09-Apr-2019,18,21,29,38,41,1,11,"",,,292019
05-Apr-2019,1,7,10,29,45,3,5,"",,,282019
02-Apr-2019,2,9,16,26,36,6,7,"",,,272019
29-Mar-2019,13,23,26,32,47,6,10,"",,,262019
26-Mar-2019,12,19,23,43,47,2,6,"",,,252019
22-Mar-2019,4,17,26,30,43,6,11,"",,,242019
19-Mar-2019,1,6,9,34,47,7,12,"",,,232019
15-Mar-2019,3,15,24,42,46,9,12,"",,,222019
12-Mar-2019,5,7,13,19,31,2,9,"",,,212019
08-Mar-2019,17,18,19,24,40,4,8,"",,,202019
05-Mar-2019,6,10,16,39,46,8,11,"",,,192019
01-Mar-2019,6,9,19,26,31,11,12,"",,,182019
26-Feb-2019,3,15,29,35,47,3,4,"",,,172019
22-Feb-2019,3,27,29,33,50,3,7,"",,,162019
19-Feb-2019,1,8,18,19,39,7,9,"",,,152019
15-Feb-2019,15,27,34,38,49,2,10,"",,,142019
12-Feb-2019,6,34,36,41,50,1,5,"",,,132019
08-Feb-2019,11,12,13,39,46,7,10,"",,,122019
05-Feb-2019,14,25,31,37,43,2,3,"",,,112019
01-Feb-2019,3,21,26,41,46,1,6,"",,,102019
29-Jan-2019,14,24,26,32,39,3,8,"",,,92019
25-Jan-2019,1,6,13,15,16,6,10,"",,,82019
22-Jan-2019,9,23,29,41,49,8,10,"",,,72019
18-Jan-2019,5,6,16,30,46,5,10,"",,,62019
15-Jan-2019,22,25,29,33,35,3,6,"",,,52019
11-Jan-2019,1,19,31,39,48,1,6,"",,,42019
08-Jan-2019,3,19,22,31,32,2,11,"",,,32019
04-Jan-2019,7,11,19,27,37,6,10,"",,,22019
01-Jan-2019,1,8,11,25,28,4,6,"",,,12019
28-Dec-2018,13,16,34,35,45,10,12,"",,,1042018
25-Dec-2018,4,5,8,31,43,2,9,"",,,1032018
21-Dec-2018,2,12,15,34,50,3,4,"",,,1022018
18-Dec-2018,1,9,18,39,48,5,7,"",,,1012018
14-Dec-2018,12,29,38,42,44,2,12,"",,,1002018
11-Dec-2018,4,7,13,23,42,1,3,"",,,992018
07-Dec-2018,11,17,26,37,48,1,10,"",,,982018
04-Dec-2018,19,20,21,42,45,8,9,"",,,972018
30-Nov-2018,3,10,12,23,26,1,12,"",,,962018
27-Nov-2018,4,16,17,18,32,2,11,"",,,952018
23-Nov-2018,5,8,25,26,30,3,10,"",,,942018
20-Nov-2018,6,19,39,45,48,7,12,"",,,932018
16-Nov-2018,9,10,13,28,41,1,12,"",,,922018
13-Nov-2018,2,7,10,13,42,3,6,"",,,912018
09-Nov-2018,14,17,32,37,49,11,12,"",,,902018
06-Nov-2018,14,24,36,40,43,2,9,"",,,892018
02-Nov-2018,5,15,17,37,44,7,11,"",,,882018
30-Oct-2018,17,23,27,43,44,1,12,"",,,872018
26-Oct-2018,5,18,21,31,35,6,9,"",,,862018
23-Oct-2018,1,2,5,21,32,2,12,"",,,852018
19-Oct-2018,1,3,29,47,48,3,12,"",,,842018
16-Oct-2018,15,28,37,40,42,1,6,"",,,832018
12-Oct-2018,4,9,12,31,43,5,8,"",,,822018
09-Oct-2018,3,12,36,44,45,8,11,"",,,812018
05-Oct-2018,8,16,24,26,35,3,11,"",,,802018
02-Oct-2018,7,17,29,37,45,3,11,"",,,792018
28-Sep-2018,2,4,8,27,50,2,9,"",,,782018
25-Sep-2018,6,15,20,30,38,4,7,"",,,772018
21-Sep-2018,5,7,21,25,37,3,4,"",,,762018
18-Sep-2018,3,8,10,32,45,4,12,"",,,752018
14-Sep-2018,1,3,33,40,45,3,4,"",,,742018
11-Sep-2018,9,18,32,38,46,2,3,"",,,732018
07-Sep-2018,4,23,27,31,50,1,8,"",,,722018
04-Sep-2018,5,14,28,30,47,4,11,"",,,712018
31-Aug-2018,4,30,31,38,42,4,6,"",,,702018
28-Aug-2018,4,16,32,42,46,8,12,"",,,692018
24-Aug-2018,3,14,31,36,50,1,12,"",,,682018
21-Aug-2018,16,23,42,43,49,10,12,"",,,672018
17-Aug-2018,2,15,18,24,43,8,12,"",,,662018
14-Aug-2018,1,15,18,25,31,9,11,"",,,652018
10-Aug-2018,18,20,36,43,44,3,9,"",,,642018
07-Aug-2018,16,28,29,30,36,8,10,"",,,632018
03-Aug-2018,7,26,36,38,43,6,12,"",,,622018
31-Jul-2018,20,25,34,42,45,6,11,"",,,612018
27-Jul-2018,11,17,22,23,41,6,11,"",,,602018
24-Jul-2018,2,4,23,39,40,3,9,"",,,592018
20-Jul-2018,2,15,40,43,46,3,6,"",,,582018
17-Jul-2018,4,6,27,48,50,1,11,"",,,572018
13-Jul-2018,1,4,14,21,49,2,12,"",,,562018
10-Jul-2018,3,8,26,33,45,7,10,"",,,552018
06-Jul-2018,8,30,33,38,48,2,10,"",,,542018
03-Jul-2018,1,12,15,29,48,3,5,"",,,532018
29-Jun-2018,15,21,23,40,48,3,12,"",,,522018
26-Jun-2018,15,16,20,34,50,4,7,"",,,512018
22-Jun-2018,14,25,39,41,44,2,8,"",,,502018
19-Jun-2018,7,19,26,42,50,4,9,"",,,492018
15-Jun-2018,23,26,33,38,49,1,12,"",,,482018
12-Jun-2018,7,21,23,36,38,6,8,"",,,472018
08-Jun-2018,8,19,32,43,46,2,8,"",,,462018
05-Jun-2018,9,15,22,39,46,4,5,"",,,452018
01-Jun-2018,17,18,24,29,40,4,5,"",,,442018
29-May-2018,6,11,20,38,43,2,4,"",,,432018
25-May-2018,13,15,16,28,41,4,5,"",,,422018
22-May-2018,1,11,37,41,48,8,12,"",,,412018
18-May-2018,5,8,10,13,31,3,6,"",,,402018
15-May-2018,4,16,20,31,39,2,12,"",,,392018
11-May-2018,3,22,34,49,50,8,11,"",,,382018
08-May-2018,17,25,35,39,44,2,5,"",,,372018
04-May-2018,6,12,23,39,45,9,12,"",,,362018
01-May-2018,6,15,17,42,48,4,6,"",,,352018
27-Apr-2018,12,24,40,41,46,5,12,"",,,342018
24-Apr-2018,20,23,28,30,44,3,7,"",,,332018
20-Apr-2018,3,16,25,39,44,7,11,"",,,322018
17-Apr-2018,15,27,33,39,50,4,6,"",,,312018
13-Apr-2018,5,25,34,48,50,6,7,"",,,302018
10-Apr-2018,14,27,39,46,48,11,12,"",,,292018
06-Apr-2018,1,29,33,45,47,4,8,"",,,282018
03-Apr-2018,3,8,16,40,43,5,8,"",,,272018
30-Mar-2018,12,17,28,35,47,7,11,"",,,262018
27-Mar-2018,17,20,23,40,46,9,10,"",,,252018
23-Mar-2018,5,7,11,46,50,8,11,"",,,242018
20-Mar-2018,26,29,37,39,44,9,11,"",,,232018
16-Mar-2018,4,17,24,27,31,10,11,"",,,222018
13-Mar-2018,9,11,13,33,49,6,12,"",,,212018
09-Mar-2018,9,14,21,32,44,1,12,"",,,202018
06-Mar-2018,15,20,26,31,44,2,9,"",,,192018
02-Mar-2018,2,7,34,45,48,1,12,"",,,182018
27-Feb-2018,3,31,41,48,50,8,11,"",,,172018
23-Feb-2018,10,17,18,28,47,3,7,"",,,162018
20-Feb-2018,6,14,19,25,29,5,11,"",,,152018
16-Feb-2018,10,12,23,32,50,4,10,"",,,142018
13-Feb-2018,10,13,17,21,44,1,10,"",,,132018
09-Feb-2018,22,31,36,38,44,1,11,"",,,122018
06-Feb-2018,8,17,28,34,38,6,12,"",,,112018
02-Feb-2018,14,34,36,39,48,2,3,"",,,102018
30-Jan-2018,11,15,21,27,35,4,5,"",,,92018
26-Jan-2018,6,15,24,28,48,4,9,"",,,82018
23-Jan-2018,5,8,9,23,24,7,8,"",,,72018
19-Jan-2018,3,8,17,44,50,2,7,"",,,62018
16-Jan-2018,20,23,31,34,46,3,12,"",,,52018
12-Jan-2018,13,21,23,30,45,4,6,"",,,42018
09-Jan-2018,6,12,15,38,49,2,9,"",,,32018
05-Jan-2018,2,5,20,38,41,4,8,"",,,22018
02-Jan-2018,10,20,21,28,48,1,8,"",,,12018
29-Dec-2017,4,8,22,23,48,1,12,"",,,1042017
26-Dec-2017,4,17,30,43,44,2,10,"",,,1032017
22-Dec-2017,5,24,30,31,43,3,6,"",,,1022017
19-Dec-2017,8,15,30,38,46,4,7,"",,,1012017
15-Dec-2017,25,30,31,42,50,2,11,"",,,1002017
12-Dec-2017,20,37,39,44,50,4,8,"",,,992017
08-Dec-2017,4,22,30,32,34,3,4,"",,,982017
05-Dec-2017,11,36,43,44,48,2,7,"",,,972017
01-Dec-2017,5,24,29,35,46,11,12,"",,,962017
28-Nov-2017,1,6,12,18,42,2,7,"",,,952017
24-Nov-2017,19,24,28,30,50,3,10,"",,,942017
21-Nov-2017,2,10,14,28,31,5,7,"",,,932017
17-Nov-2017,20,26,35,36,42,5,12,"",,,922017
14-Nov-2017,14,16,39,40,41,8,10,"",,,912017
10-Nov-2017,13,22,29,36,37,1,9,"",,,902017
07-Nov-2017,7,19,20,37,41,2,12,"",,,892017
03-Nov-2017,5,12,17,33,41,4,9,"",,,882017
31-Oct-2017,1,12,36,43,46,3,5,"",,,872017
27-Oct-2017,3,16,23,32,39,1,4,"",,,862017
24-Oct-2017,9,11,13,27,33,7,10,"",,,852017
20-Oct-2017,4,17,23,27,30,3,8,"",,,842017
17-Oct-2017,13,17,19,26,36,2,3,"",,,832017
13-Oct-2017,23,29,37,45,50,5,11,"",,,822017
10-Oct-2017,4,21,34,36,37,3,6,"",,,812017
06-Oct-2017,1,9,15,19,25,1,7,"",,,802017
03-Oct-2017,6,24,32,48,50,1,5,"",,,792017
29-Sep-2017,7,18,19,32,48,3,7,"",,,782017
26-Sep-2017,1,29,40,41,48,6,12,"",,,772017
22-Sep-2017,6,11,31,39,42,1,3,"",,,762017
19-Sep-2017,1,8,21,30,45,2,3,"",,,752017
15-Sep-2017,13,18,37,44,49,9,12,"",,,742017
12-Sep-2017,10,17,27,29,35,4,11,"",,,732017
08-Sep-2017,9,24,42,47,49,1,5,"",,,722017
05-Sep-2017,6,9,18,28,29,1,9,"",,,712017
01-Sep-2017,3,7,8,14,49,5,8,"",,,702017
29-Aug-2017,4,12,15,32,38,1,5,"",,,692017
25-Aug-2017,1,5,7,15,47,9,12,"",,,682017
22-Aug-2017,3,10,12,17,27,3,5,"",,,672017
18-Aug-2017,2,24,39,42,45,2,8,"",,,662017
15-Aug-2017,10,14,30,35,46,4,10,"",,,652017
11-Aug-2017,18,28,39,46,48,5,12,"",,,642017
08-Aug-2017,15,25,26,40,41,4,5,"",,,632017
04-Aug-2017,29,30,36,40,41,2,9,"",,,622017
01-Aug-2017,14,21,24,29,30,8,10,"",,,612017
28-Jul-2017,5,9,29,31,41,2,4,"",,,602017
25-Jul-2017,12,14,43,44,48,2,11,"",,,592017
21-Jul-2017,1,8,9,26,49,5,9,"",,,582017
18-Jul-2017,1,25,27,41,45,5,7,"",,,572017
14-Jul-2017,11,14,20,21,47,7,10,"",,,562017
11-Jul-2017,14,22,26,42,50,8,10,"",,,552017
07-Jul-2017,11,20,35,37,45,3,6,"",,,542017
04-Jul-2017,10,22,25,37,49,5,8,"",,,532017
30-Jun-2017,17,35,39,47,50,6,8,"",,,522017
27-Jun-2017,9,17,21,28,45,1,3,"",,,512017
23-Jun-2017,3,4,21,31,38,3,7,"",,,502017
20-Jun-2017,11,18,26,43,44,8,10,"",,,492017
16-Jun-2017,15,17,38,41,42,9,12,"",,,482017
13-Jun-2017,3,12,22,27,49,4,11,"",,,472017
09-Jun-2017,9,20,27,39,43,10,11,"",,,462017
06-Jun-2017,20,22,25,37,40,3,7,"",,,452017
02-Jun-2017,8,10,24,33,42,3,9,"",,,442017
30-May-2017,7,12,27,38,48,6,9,"",,,432017
26-May-2017,5,7,26,36,39,2,10,"",,,422017
23-May-2017,8,15,25,27,42,1,4,"",,,412017
19-May-2017,9,11,12,19,30,4,9,"",,,402017
16-May-2017,8,11,15,20,30,3,8,"",,,392017
12-May-2017,2,20,28,29,44,3,9,"",,,382017
09-May-2017,8,12,16,22,26,6,7,"",,,372017
05-May-2017,3,7,30,35,43,1,3,"",,,362017
02-May-2017,6,19,23,25,27,11,12,"",,,352017
28-Apr-2017,14,20,25,30,39,2,8,"",,,342017
25-Apr-2017,9,11,19,32,43,3,9,"",,,332017
21-Apr-2017,2,13,16,22,49,4,5,"",,,322017
18-Apr-2017,17,22,31,38,45,5,12,"",,,312017
14-Apr-2017,4,14,20,23,33,6,10,"",,,302017
11-Apr-2017,5,21,22,31,49,2,8,"",,,292017
07-Apr-2017,2,10,19,35,50,6,7,"",,,282017
04-Apr-2017,1,9,24,33,34,2,6,"",,,272017
31-Mar-2017,17,24,26,28,45,4,12,"",,,262017
28-Mar-2017,9,13,31,33,46,6,10,"",,,252017
24-Mar-2017,2,17,21,27,34,5,9,"",,,242017
21-Mar-2017,1,20,23,44,47,4,11,"",,,232017
17-Mar-2017,6,10,19,29,36,3,9,"",,,222017
14-Mar-2017,3,5,21,36,44,3,6,"",,,212017
10-Mar-2017,31,36,38,47,49,8,11,"",,,202017
07-Mar-2017,6,37,41,48,50,4,5,"",,,192017
03-Mar-2017,2,11,29,30,47,1,12,"",,,182017
28-Feb-2017,10,20,31,35,42,2,12,"",,,172017
24-Feb-2017,2,4,13,22,43,8,9,"",,,162017
21-Feb-2017,13,19,41,45,49,3,4,"",,,152017
17-Feb-2017,19,25,33,36,48,2,9,"",,,142017
14-Feb-2017,2,10,24,40,44,3,10,"",,,132017
10-Feb-2017,7,21,26,35,43,2,9,"",,,122017
07-Feb-2017,4,10,31,38,44,8,10,"",,,112017
03-Feb-2017,3,4,15,46,50,5,9,"",,,102017
31-Jan-2017,3,4,17,23,44,6,9,"",,,92017
27-Jan-2017,17,20,28,45,48,5,9,"",,,82017
24-Jan-2017,1,5,7,17,23,3,8,"",,,72017
20-Jan-2017,10,17,27,31,49,3,5,"",,,62017
17-Jan-2017,4,16,25,43,47,2,10,"",,,52017
13-Jan-2017,3,7,16,26,50,4,7,"",,,42017
10-Jan-2017,2,11,29,35,44,4,9,"",,,32017
06-Jan-2017,10,14,18,21,49,9,11,"",,,22017
03-Jan-2017,19,23,27,34,49,1,11,"",,,12017
30-Dec-2016,8,10,22,29,47,1,3,"",,,1052016
27-Dec-2016,3,22,25,32,39,7,12,"",,,1042016
23-Dec-2016,4,16,20,39,46,2,5,"",,,1032016
20-Dec-2016,13,15,17,21,27,2,3,"",,,1022016
16-Dec-2016,6,10,30,41,45,4,11,"",,,1012016
13-Dec-2016,14,28,29,48,50,2,8,"",,,1002016
09-Dec-2016,6,12,28,37,40,1,5,"",,,992016
06-Dec-2016,1,7,11,27,45,4,9,"",,,982016
02-Dec-2016,6,11,23,31,32,2,12,"",,,972016
29-Nov-2016,21,26,27,28,38,9,11,"",,,962016
25-Nov-2016,5,11,17,23,28,10,11,"",,,952016
22-Nov-2016,5,10,33,34,47,2,10,"",,,942016
18-Nov-2016,3,12,27,32,47,6,8,"",,,932016
15-Nov-2016,7,15,36,42,48,3,7,"",,,922016
11-Nov-2016,3,22,23,38,49,2,9,"",,,912016
08-Nov-2016,5,9,47,49,50,8,9,"",,,902016
04-Nov-2016,7,11,12,44,48,3,7,"",,,892016
01-Nov-2016,6,10,20,29,37,1,9,"",,,882016
28-Oct-2016,10,16,19,23,43,2,8,"",,,872016
25-Oct-2016,3,15,20,21,28,1,5,"",,,862016
21-Oct-2016,9,20,23,44,48,8,10,"",,,852016
18-Oct-2016,2,17,21,25,27,6,9,"",,,842016
14-Oct-2016,7,13,19,31,34,1,11,"",,,832016
11-Oct-2016,5,12,20,24,37,4,11,"",,,822016
07-Oct-2016,2,12,20,27,30,9,11,"",,,812016
04-Oct-2016,4,7,14,34,38,4,11,"",,,802016
30-Sep-2016,17,35,37,43,44,2,10,"",,,792016
27-Sep-2016,6,9,13,39,41,2,12,"",,,782016
23-Sep-2016,14,16,39,42,49,3,9,"",,,772016
20-Sep-2016,1,4,10,41,45,6,9,"",,,762016
16-Sep-2016,5,8,14,22,32,2,11,"",,,752016
13-Sep-2016,4,7,16,35,44,1,3,"",,,742016
09-Sep-2016,4,11,15,17,28,1,3,"",,,732016
06-Sep-2016,12,24,30,34,45,7,10,"",,,722016
02-Sep-2016,8,16,32,40,50,2,11,"",,,712016
30-Aug-2016,13,16,29,35,42,6,8,"",,,702016
26-Aug-2016,1,9,28,30,48,7,8,"",,,692016
23-Aug-2016,2,23,31,37,45,4,8,"",,,682016
19-Aug-2016,5,6,22,25,34,5,7,"",,,672016
16-Aug-2016,2,26,34,37,46,4,8,"",,,662016
12-Aug-2016,2,15,28,36,50,2,11,"",,,652016
09-Aug-2016,12,19,43,44,45,5,10,"",,,642016
05-Aug-2016,16,19,24,35,37,2,7,"",,,632016
02-Aug-2016,2,8,27,38,46,2,6,"",,,622016
29-Jul-2016,1,21,26,40,50,2,4,"",,,612016
26-Jul-2016,3,10,13,45,49,2,11,"",,,602016
22-Jul-2016,7,24,26,37,45,5,9,"",,,592016
19-Jul-2016,19,24,28,36,37,3,6,"",,,582016
15-Jul-2016,2,11,13,14,21,1,8,"",,,572016
12-Jul-2016,3,7,26,33,41,2,10,"",,,562016
08-Jul-2016,8,12,18,33,44,4,8,"",,,552016
05-Jul-2016,1,10,29,38,48,3,4,"",,,542016
01-Jul-2016,2,11,13,40,50,1,10,"",,,532016
28-Jun-2016,26,32,37,43,49,4,5,"",,,522016
24-Jun-2016,11,19,27,28,39,3,10,"",,,512016
21-Jun-2016,5,17,32,35,49,1,5,"",,,502016
17-Jun-2016,1,7,18,27,43,4,8,"",,,492016
14-Jun-2016,13,34,39,42,50,9,11,"",,,482016
10-Jun-2016,14,21,35,42,43,7,9,"",,,472016
07-Jun-2016,19,26,35,45,49,2,5,"",,,462016
03-Jun-2016,7,23,31,33,39,6,10,"",,,452016
31-May-2016,6,12,26,30,48,6,7,"",,,442016
27-May-2016,13,25,27,43,46,4,8,"",,,432016
24-May-2016,16,17,23,34,37,6,9,"",,,422016
20-May-2016,9,14,30,41,45,4,9,"",,,412016
17-May-2016,15,27,32,36,39,3,10,"",,,402016
13-May-2016,7,15,28,31,42,10,11,"",,,392016
10-May-2016,2,26,27,40,49,5,10,"",,,382016
06-May-2016,32,34,40,45,48,1,10,"",,,372016
03-May-2016,8,23,24,34,38,3,7,"",,,362016
29-Apr-2016,4,5,25,28,43,6,11,"",,,352016
26-Apr-2016,10,17,31,32,42,2,5,"",,,342016
22-Apr-2016,17,26,32,34,43,2,10,"",,,332016
19-Apr-2016,11,14,15,27,44,2,7,"",,,322016
15-Apr-2016,13,14,32,37,48,1,7,"",,,312016
12-Apr-2016,1,5,9,22,38,2,10,"",,,302016
08-Apr-2016,6,8,26,43,49,6,10,"",,,292016
05-Apr-2016,3,5,9,19,40,2,5,"",,,282016
01-Apr-2016,2,16,23,25,49,6,9,"",,,272016
29-Mar-2016,1,4,19,25,36,3,11,"",,,262016
25-Mar-2016,12,19,36,42,43,5,8,"",,,252016
22-Mar-2016,12,15,26,42,49,5,8,"",,,242016
18-Mar-2016,14,19,21,24,49,5,11,"",,,232016
15-Mar-2016,5,7,10,34,44,2,10,"",,,222016
11-Mar-2016,1,21,26,40,43,6,9,"",,,212016
08-Mar-2016,1,8,9,14,23,1,7,"",,,202016
04-Mar-2016,9,14,16,23,40,1,5,"",,,192016
01-Mar-2016,4,7,13,28,37,10,11,"",,,182016
26-Feb-2016,5,13,15,33,50,9,11,"",,,172016
23-Feb-2016,23,25,32,37,42,1,11,"",,,162016
19-Feb-2016,13,14,30,32,39,3,9,"",,,152016
16-Feb-2016,3,10,22,37,50,6,10,"",,,142016
12-Feb-2016,3,20,28,31,49,2,5,"",,,132016
09-Feb-2016,6,9,13,28,37,4,5,"",,,122016
05-Feb-2016,3,27,32,41,46,4,8,"",,,112016
02-Feb-2016,6,9,10,21,36,2,6,"",,,102016
29-Jan-2016,1,5,23,29,32,1,7,"",,,92016
26-Jan-2016,15,24,38,40,48,2,9,"",,,82016
22-Jan-2016,10,12,27,30,47,8,9,"",,,72016
19-Jan-2016,2,30,38,43,46,2,7,"",,,62016
15-Jan-2016,10,19,38,43,46,1,11,"",,,52016
12-Jan-2016,1,2,10,30,44,1,8,"",,,42016
08-Jan-2016,5,26,33,35,40,3,8,"",,,32016
05-Jan-2016,6,10,31,36,39,6,10,"",,,22016
01-Jan-2016,4,37,38,39,44,4,7,"",,,12016
29-Dec-2015,5,20,31,32,36,6,7,"",,,1042015
25-Dec-2015,3,10,25,27,40,3,9,"",,,1032015
22-Dec-2015,18,19,20,40,41,7,10,"",,,1022015
18-Dec-2015,6,22,26,29,48,5,6,"",,,1012015
15-Dec-2015,8,11,23,27,35,4,11,"",,,1002015
11-Dec-2015,3,5,21,40,43,6,11,"",,,992015
08-Dec-2015,12,17,29,38,48,9,11,"",,,982015
04-Dec-2015,8,17,18,27,39,1,7,"",,,972015
01-Dec-2015,2,15,25,35,45,8,10,"",,,962015
27-Nov-2015,16,29,30,37,50,6,8,"",,,952015
24-Nov-2015,9,14,16,17,26,10,11,"",,,942015
20-Nov-2015,4,30,34,46,49,7,8,"",,,932015
17-Nov-2015,6,7,23,37,38,10,11,"",,,922015
13-Nov-2015,10,17,18,33,40,2,8,"",,,912015
10-Nov-2015,6,13,18,39,43,2,8,"",,,902015
06-Nov-2015,3,17,26,38,40,4,10,"",,,892015
03-Nov-2015,8,27,39,46,49,2,6,"",,,882015
30-Oct-2015,8,13,17,21,34,6,7,"",,,872015
27-Oct-2015,11,12,20,25,36,6,9,"",,,862015
23-Oct-2015,7,25,30,32,39,2,8,"",,,852015
20-Oct-2015,17,19,21,30,45,8,10,"",,,842015
16-Oct-2015,7,28,29,43,48,3,10,"",,,832015
13-Oct-2015,12,15,26,29,47,3,11,"",,,822015
09-Oct-2015,1,40,42,43,47,9,11,"",,,812015
06-Oct-2015,11,20,22,29,32,1,8,"",,,802015
02-Oct-2015,7,18,21,32,35,2,11,"",,,792015
29-Sep-2015,11,14,26,29,49,3,9,"",,,782015
25-Sep-2015,13,14,23,30,37,2,8,"",,,772015
22-Sep-2015,14,23,26,27,29,7,10,"",,,762015
18-Sep-2015,7,29,33,34,39,7,8,"",,,752015
15-Sep-2015,8,15,17,44,49,5,8,"",,,742015
11-Sep-2015,10,18,19,29,50,1,9,"",,,732015
08-Sep-2015,14,16,39,40,42,1,4,"",,,722015
04-Sep-2015,8,9,27,45,50,8,10,"",,,712015
01-Sep-2015,6,19,21,27,45,1,8,"",,,702015
28-Aug-2015,11,29,30,31,34,4,7,"",,,692015
25-Aug-2015,27,31,33,42,50,2,5,"",,,682015
21-Aug-2015,4,16,18,43,47,6,10,"",,,672015
18-Aug-2015,7,10,11,12,19,2,9,"",,,662015
14-Aug-2015,4,7,39,44,45,3,5,"",,,652015
11-Aug-2015,2,3,8,15,16,4,11,"",,,642015
07-Aug-2015,1,5,21,39,44,4,11,"",,,632015
04-Aug-2015,10,15,39,45,50,9,10,"",,,622015
31-Jul-2015,16,21,34,40,50,6,9,"",,,612015
28-Jul-2015,23,32,36,43,49,7,8,"",,,602015
24-Jul-2015,2,9,21,35,46,2,11,"",,,592015
21-Jul-2015,14,20,27,29,44,7,10,"",,,582015
17-Jul-2015,1,21,22,43,48,7,9,"",,,572015
14-Jul-2015,6,18,19,34,36,1,8,"",,,562015
10-Jul-2015,5,8,15,35,41,4,5,"",,,552015
07-Jul-2015,6,7,18,33,41,3,10,"",,,542015
03-Jul-2015,11,12,15,18,44,3,9,"",,,532015
30-Jun-2015,11,15,28,34,37,1,8,"",,,522015
26-Jun-2015,3,6,10,19,24,5,7,"",,,512015
23-Jun-2015,4,16,22,38,49,6,9,"",,,502015
19-Jun-2015,7,14,20,31,42,3,9,"",,,492015
16-Jun-2015,10,15,16,36,37,3,9,"",,,482015
12-Jun-2015,5,8,10,11,37,7,9,"",,,472015
09-Jun-2015,5,9,17,32,34,6,8,"",,,462015
05-Jun-2015,2,7,8,45,48,1,9,"",,,452015
02-Jun-2015,7,23,29,37,41,1,8,"",,,442015
29-May-2015,3,4,20,45,48,6,8,"",,,432015
26-May-2015,5,6,7,21,24,5,6,"",,,422015
22-May-2015,18,24,35,44,45,5,11,"",,,412015
19-May-2015,26,30,31,35,37,8,11,"",,,402015
15-May-2015,5,35,42,44,47,8,9,"",,,392015
12-May-2015,14,29,30,40,46,3,6,"",,,382015
08-May-2015,7,14,19,47,49,3,10,"",,,372015
05-May-2015,1,10,17,20,42,8,9,"",,,362015
01-May-2015,3,19,20,25,26,6,10,"",,,352015
28-Apr-2015,24,26,28,36,45,7,10,"",,,342015
24-Apr-2015,5,19,29,31,40,3,10,"",,,332015
21-Apr-2015,6,14,17,42,45,1,8,"",,,322015
17-Apr-2015,2,24,30,34,39,8,11,"",,,312015
14-Apr-2015,24,32,34,35,49,1,2,"",,,302015
10-Apr-2015,22,23,25,30,43,5,9,"",,,292015
07-Apr-2015,18,25,39,44,50,5,8,"",,,282015
03-Apr-2015,27,29,37,39,49,2,4,"",,,272015
31-Mar-2015,8,20,24,28,49,8,9,"",,,262015
27-Mar-2015,2,30,32,39,44,6,10,"",,,252015
24-Mar-2015,10,24,26,39,40,3,10,"",,,242015
20-Mar-2015,3,14,37,42,48,1,10,"",,,232015
17-Mar-2015,11,23,26,38,44,1,8,"",,,222015
13-Mar-2015,4,5,18,22,23,1,3,"",,,212015
10-Mar-2015,2,6,23,30,31,2,10,"",,,202015
06-Mar-2015,23,30,47,49,50,2,7,"",,,192015
03-Mar-2015,6,8,11,13,21,7,8,"",,,182015
27-Feb-2015,5,14,17,25,47,9,10,"",,,172015
24-Feb-2015,3,25,28,34,50,1,11,"",,,162015
20-Feb-2015,4,10,14,37,46,4,7,"",,,152015
17-Feb-2015,2,5,18,30,43,1,10,"",,,142015
13-Feb-2015,12,24,39,42,44,3,11,"",,,132015
10-Feb-2015,13,17,20,30,45,9,10,"",,,122015
06-Feb-2015,10,26,30,39,50,7,8,"",,,112015
03-Feb-2015,17,31,33,44,50,7,11,"",,,102015
30-Jan-2015,9,13,15,19,24,3,8,"",,,92015
27-Jan-2015,5,10,31,33,40,8,10,"",,,82015
23-Jan-2015,6,29,30,38,45,1,8,"",,,72015
20-Jan-2015,15,33,41,44,47,8,10,"",,,62015
16-Jan-2015,29,30,32,34,46,3,6,"",,,52015
13-Jan-2015,8,17,21,31,34,9,10,"",,,42015
09-Jan-2015,6,21,24,32,45,1,11,"",,,32015
06-Jan-2015,14,20,30,38,49,3,4,"",,,22015
02-Jan-2015,22,24,25,28,49,3,6,"",,,12015
30-Dec-2014,6,18,39,44,50,8,11,"",,,1042014
26-Dec-2014,17,26,27,45,49,2,3,"",,,1032014
23-Dec-2014,8,9,19,25,49,2,10,"",,,1022014
19-Dec-2014,23,29,31,39,44,5,8,"",,,1012014
16-Dec-2014,3,7,12,13,25,5,8,"",,,1002014
12-Dec-2014,2,15,28,31,37,4,6,"",,,992014
09-Dec-2014,1,3,31,42,46,4,11,"",,,982014
05-Dec-2014,5,8,37,47,48,2,3,"",,,972014
02-Dec-2014,3,15,25,44,49,1,9,"",,,962014
28-Nov-2014,6,10,15,23,41,4,10,"",,,952014
25-Nov-2014,3,7,25,32,36,1,6,"",,,942014
21-Nov-2014,4,7,28,32,37,5,10,"",,,932014
18-Nov-2014,2,3,17,36,38,4,11,"",,,922014
14-Nov-2014,17,32,36,38,48,5,8,"",,,912014
11-Nov-2014,2,14,21,36,46,7,11,"",,,902014
07-Nov-2014,13,25,32,38,46,1,10,"",,,892014
04-Nov-2014,1,6,13,17,26,3,5,"",,,882014
31-Oct-2014,10,13,20,33,41,3,9,"",,,872014
28-Oct-2014,10,15,17,40,45,1,2,"",,,862014
24-Oct-2014,3,9,20,30,42,1,6,"",,,852014
21-Oct-2014,20,21,27,33,40,3,10,"",,,842014
17-Oct-2014,1,13,40,48,49,8,10,"",,,832014
14-Oct-2014,4,5,15,23,32,3,7,"",,,822014
10-Oct-2014,6,29,42,45,47,9,10,"",,,812014
07-Oct-2014,9,21,28,30,38,1,8,"",,,802014
03-Oct-2014,4,13,23,48,50,5,10,"",,,792014
30-Sep-2014,3,13,15,33,42,5,7,"",,,782014
26-Sep-2014,13,27,35,46,47,1,2,"",,,772014
23-Sep-2014,12,13,14,29,35,1,7,"",,,762014
19-Sep-2014,6,8,34,38,48,3,9,"",,,752014
16-Sep-2014,4,29,30,35,50,2,4,"",,,742014
12-Sep-2014,9,13,26,31,33,7,11,"",,,732014
09-Sep-2014,8,15,19,24,35,8,10,"",,,722014
05-Sep-2014,1,18,23,46,50,3,9,"",,,712014
02-Sep-2014,5,25,31,39,45,1,8,"",,,702014
29-Aug-2014,2,9,26,32,38,3,6,"",,,692014
26-Aug-2014,10,22,36,45,48,4,11,"",,,682014
22-Aug-2014,4,17,29,35,49,1,2,"",,,672014
19-Aug-2014,4,7,11,34,47,7,8,"",,,662014
15-Aug-2014,4,5,21,23,30,8,10,"",,,652014
12-Aug-2014,7,16,19,22,33,2,5,"",,,642014
08-Aug-2014,21,29,35,43,46,1,9,"",,,632014
05-Aug-2014,5,7,19,21,42,5,11,"",,,622014
01-Aug-2014,24,44,46,48,50,5,10,"",,,612014
29-Jul-2014,10,23,35,40,43,3,9,"",,,602014
25-Jul-2014,9,10,12,24,43,5,9,"",,,592014
22-Jul-2014,1,24,43,45,50,5,8,"",,,582014
18-Jul-2014,1,11,29,41,43,3,11,"",,,572014
15-Jul-2014,15,18,20,27,34,1,3,"",,,562014
11-Jul-2014,5,22,35,38,49,4,7,"",,,552014
08-Jul-2014,8,18,22,24,27,4,11,"",,,542014
04-Jul-2014,4,18,39,43,47,2,6,"",,,532014
01-Jul-2014,18,22,25,27,39,5,10,"",,,522014
27-Jun-2014,31,33,34,39,45,2,10,"",,,512014
24-Jun-2014,1,7,20,21,48,4,7,"",,,502014
20-Jun-2014,5,15,25,38,49,1,2,"",,,492014
17-Jun-2014,11,13,37,40,48,8,9,"",,,482014
13-Jun-2014,16,18,22,28,46,9,11,"",,,472014
10-Jun-2014,12,18,21,32,33,1,11,"",,,462014
06-Jun-2014,7,25,34,40,49,9,11,"",,,452014
03-Jun-2014,2,15,32,39,44,5,10,"",,,442014
30-May-2014,5,24,27,41,45,6,7,"",,,432014
27-May-2014,7,13,16,25,26,1,6,"",,,422014
23-May-2014,3,8,31,34,47,9,11,"",,,412014
20-May-2014,5,33,36,38,47,4,9,"",,,402014
16-May-2014,23,26,29,37,40,3,4,"",,,392014
13-May-2014,4,13,30,34,47,2,6,"",,,382014
09-May-2014,3,21,26,28,45,7,10,"",,,372014
06-May-2014,5,19,24,31,37,1,9,"",,,362014
02-May-2014,4,30,31,38,42,2,11,"",,,352014
29-Apr-2014,18,23,26,35,44,3,11,"",,,342014
25-Apr-2014,13,21,24,44,49,1,9,"",,,332014
22-Apr-2014,13,15,20,24,46,1,8,"",,,322014
18-Apr-2014,21,24,31,39,47,3,7,"",,,312014
15-Apr-2014,3,14,26,47,50,7,11,"",,,302014
11-Apr-2014,8,12,19,30,33,4,11,"",,,292014
08-Apr-2014,11,18,29,42,49,4,11,"",,,282014
04-Apr-2014,6,10,28,45,50,10,11,"",,,272014
01-Apr-2014,16,18,26,38,44,8,10,"",,,262014
28-Mar-2014,3,4,19,28,43,3,7,"",,,252014
25-Mar-2014,7,20,26,28,50,2,8,"",,,242014
21-Mar-2014,7,30,37,39,42,5,7,"",,,232014
18-Mar-2014,8,27,34,36,39,5,10,"",,,222014
14-Mar-2014,6,24,25,27,30,5,9,"",,,212014
11-Mar-2014,1,4,23,33,44,7,8,"",,,202014
07-Mar-2014,5,10,38,40,41,1,8,"",,,192014
04-Mar-2014,3,5,22,27,44,1,6,"",,,182014
28-Feb-2014,12,32,38,43,44,2,7,"",,,172014
25-Feb-2014,21,25,28,35,42,4,6,"",,,162014
21-Feb-2014,13,17,28,30,32,5,7,"",,,152014
18-Feb-2014,23,26,36,37,49,6,7,"",,,142014
14-Feb-2014,2,4,6,19,39,2,7,"",,,132014
11-Feb-2014,8,17,25,41,47,1,2,"",,,122014
07-Feb-2014,3,17,19,46,47,9,10,"",,,112014
04-Feb-2014,1,21,33,37,38,4,8,"",,,102014
31-Jan-2014,8,10,15,16,31,8,9,"",,,92014
28-Jan-2014,18,20,23,42,48,2,9,"",,,82014
24-Jan-2014,5,19,34,35,41,1,5,"",,,72014
21-Jan-2014,4,12,35,42,48,5,8,"",,,62014
17-Jan-2014,19,26,32,33,42,4,10,"",,,52014
14-Jan-2014,18,20,25,26,37,10,11,"",,,42014
10-Jan-2014,1,2,11,27,29,1,10,"",,,32014
07-Jan-2014,2,20,27,33,45,6,10,"",,,22014
03-Jan-2014,3,27,31,38,44,3,8,"",,,12014
31-Dec-2013,13,20,24,29,45,3,7,"",,,1052013
27-Dec-2013,1,6,13,22,28,5,10,"",,,1042013
24-Dec-2013,5,19,31,43,50,2,6,"",,,1032013
20-Dec-2013,12,13,17,22,43,3,10,"",,,1022013
17-Dec-2013,6,8,27,37,41,7,10,"",,,1012013
13-Dec-2013,1,22,23,24,31,6,11,"",,,1002013
10-Dec-2013,6,24,35,49,50,1,7,"",,,992013
06-Dec-2013,1,2,18,31,36,7,10,"",,,982013
03-Dec-2013,6,13,15,29,32,2,9,"",,,972013
29-Nov-2013,2,7,10,23,43,4,7,"",,,962013
26-Nov-2013,19,23,27,42,44,3,5,"",,,952013
22-Nov-2013,13,25,26,40,50,8,9,"",,,942013
19-Nov-2013,14,15,19,36,45,1,10,"",,,932013
15-Nov-2013,3,13,15,29,42,1,4,"",,,922013
12-Nov-2013,14,29,37,40,48,2,11,"",,,912013
08-Nov-2013,20,28,35,42,43,8,10,"",,,902013
05-Nov-2013,6,12,13,35,38,2,3,"",,,892013
01-Nov-2013,7,19,29,30,33,3,8,"",,,882013
29-Oct-2013,9,10,30,32,37,2,6,"",,,872013
25-Oct-2013,2,3,10,31,38,6,10,"",,,862013
22-Oct-2013,29,33,39,41,44,9,11,"",,,852013
18-Oct-2013,5,25,36,46,47,2,6,"",,,842013
15-Oct-2013,18,27,39,43,47,4,7,"",,,832013
11-Oct-2013,6,12,17,23,43,5,9,"",,,822013
08-Oct-2013,23,24,26,33,42,3,5,"",,,812013
04-Oct-2013,6,20,24,35,50,5,10,"",,,802013
01-Oct-2013,19,23,25,44,48,8,9,"",,,792013
27-Sep-2013,11,15,38,41,43,2,6,"",,,782013
24-Sep-2013,10,20,26,28,43,9,11,"",,,772013
20-Sep-2013,5,11,35,38,45,2,3,"",,,762013
17-Sep-2013,13,17,21,42,44,9,11,"",,,752013
13-Sep-2013,4,6,14,27,33,5,10,"",,,742013
10-Sep-2013,7,11,14,28,30,2,10,"",,,732013
06-Sep-2013,11,23,25,32,37,4,7,"",,,722013
03-Sep-2013,5,9,16,18,42,7,9,"",,,712013
30-Aug-2013,2,17,25,36,45,5,9,"",,,702013
27-Aug-2013,7,30,38,40,43,2,6,"",,,692013
23-Aug-2013,1,6,26,30,37,5,8,"",,,682013
20-Aug-2013,5,11,42,49,50,8,11,"",,,672013
16-Aug-2013,20,24,27,37,39,5,10,"",,,662013
13-Aug-2013,5,17,20,47,50,1,4,"",,,652013
09-Aug-2013,4,7,9,23,24,8,9,"",,,642013
06-Aug-2013,16,17,31,47,49,3,11,"",,,632013
02-Aug-2013,21,36,37,42,48,4,7,"",,,622013
30-Jul-2013,3,4,11,14,43,1,6,"",,,612013
26-Jul-2013,12,23,29,38,49,3,4,"",,,602013
23-Jul-2013,14,15,16,19,44,4,5,"",,,592013
19-Jul-2013,13,16,24,26,35,2,5,"",,,582013
16-Jul-2013,19,23,34,47,50,4,6,"",,,572013
12-Jul-2013,18,26,32,33,42,2,3,"",,,562013
09-Jul-2013,16,18,31,38,49,4,10,"",,,552013
05-Jul-2013,4,12,15,28,33,1,10,"",,,542013
02-Jul-2013,11,13,14,28,30,4,5,"",,,532013
28-Jun-2013,1,15,28,35,47,1,7,"",,,522013
25-Jun-2013,4,5,13,27,35,1,2,"",,,512013
21-Jun-2013,10,11,30,36,45,1,2,"",,,502013
18-Jun-2013,17,24,33,41,44,1,11,"",,,492013
14-Jun-2013,10,25,41,47,48,6,10,"",,,482013
11-Jun-2013,5,7,9,25,41,1,5,"",,,472013
07-Jun-2013,7,14,26,45,50,2,7,"",,,462013
04-Jun-2013,31,33,34,37,40,1,6,"",,,452013
31-May-2013,27,28,29,34,43,5,10,"",,,442013
28-May-2013,8,13,26,34,38,3,11,"",,,432013
24-May-2013,7,17,22,27,40,2,3,"",,,422013
21-May-2013,7,8,19,28,29,5,9,"",,,412013
17-May-2013,6,20,24,25,50,9,10,"",,,402013
14-May-2013,7,8,24,27,36,5,11,"",,,392013
10-May-2013,1,32,35,45,48,4,11,"",,,382013
07-May-2013,13,27,28,42,43,4,6,"",,,372013
03-May-2013,3,5,34,40,49,2,3,"",,,362013
30-Apr-2013,13,36,40,43,50,5,9,"",,,352013
26-Apr-2013,11,16,24,38,40,2,5,"",,,342013
23-Apr-2013,1,4,7,10,50,4,11,"",,,332013
19-Apr-2013,1,8,42,46,48,4,7,"",,,322013
16-Apr-2013,1,11,22,33,50,4,6,"",,,312013
12-Apr-2013,5,10,15,28,45,3,9,"",,,302013
09-Apr-2013,15,35,38,44,48,5,10,"",,,292013
05-Apr-2013,1,11,17,32,39,2,7,"",,,282013
02-Apr-2013,12,17,25,29,41,1,4,"",,,272013
29-Mar-2013,13,30,43,44,46,5,9,"",,,262013
26-Mar-2013,4,26,30,42,44,6,11,"",,,252013
22-Mar-2013,12,27,32,34,49,8,9,"",,,242013
19-Mar-2013,19,32,35,37,44,1,9,"",,,232013
15-Mar-2013,4,14,21,24,39,3,10,"",,,222013
12-Mar-2013,2,4,10,22,50,5,8,"",,,212013
08-Mar-2013,3,20,23,28,42,8,11,"",,,202013
05-Mar-2013,8,19,31,33,39,2,7,"",,,192013
01-Mar-2013,1,11,29,36,42,4,5,"",,,182013
26-Feb-2013,3,12,13,17,30,2,6,"",,,172013
22-Feb-2013,15,16,28,36,37,2,11,"",,,162013
19-Feb-2013,12,15,28,30,44,8,9,"",,,152013
15-Feb-2013,2,4,22,28,42,4,9,"",,,142013
12-Feb-2013,5,11,16,25,28,7,9,"",,,132013
08-Feb-2013,9,11,14,34,44,10,11,"",,,122013
05-Feb-2013,6,25,31,40,45,6,7,"",,,112013
01-Feb-2013,5,21,34,37,38,1,6,"",,,102013
29-Jan-2013,9,16,26,36,39,2,6,"",,,92013
25-Jan-2013,3,10,18,31,37,2,4,"",,,82013
22-Jan-2013,1,10,44,45,48,1,4,"",,,72013
18-Jan-2013,4,26,27,30,39,3,10,"",,,62013
15-Jan-2013,22,38,40,42,47,1,11,"",,,52013
11-Jan-2013,4,22,29,37,41,4,7,"",,,42013
08-Jan-2013,2,20,22,26,47,5,9,"",,,32013
04-Jan-2013,4,10,22,27,41,8,10,"",,,22013
01-Jan-2013,2,7,8,36,49,1,11,"",,,12013
28-Dec-2012,17,24,26,27,49,3,5,"",,,1042012
25-Dec-2012,14,18,20,23,32,3,10,"",,,1032012
21-Dec-2012,3,5,22,40,42,3,10,"",,,1022012
18-Dec-2012,14,18,20,35,44,2,5,"",,,1012012
14-Dec-2012,10,11,29,40,43,3,11,"",,,1002012
11-Dec-2012,1,4,9,43,50,6,8,"",,,992012
07-Dec-2012,10,16,18,31,42,2,5,"",,,982012
04-Dec-2012,5,10,28,29,44,2,4,"",,,972012
30-Nov-2012,10,18,23,24,40,3,4,"",,,962012
27-Nov-2012,6,10,23,44,49,1,7,"",,,952012
23-Nov-2012,1,9,11,20,40,1,5,"",,,942012
20-Nov-2012,28,30,42,45,49,5,10,"",,,932012
16-Nov-2012,10,15,19,23,41,2,9,"",,,922012
13-Nov-2012,11,16,21,24,29,2,6,"",,,912012
09-Nov-2012,14,21,22,28,47,4,5,"",,,902012
06-Nov-2012,7,20,25,35,41,1,9,"",,,892012
02-Nov-2012,3,6,10,11,44,3,4,"",,,882012
30-Oct-2012,23,24,25,31,44,2,3,"",,,872012
26-Oct-2012,5,6,9,27,38,5,11,"",,,862012
23-Oct-2012,1,28,35,38,50,2,10,"",,,852012
19-Oct-2012,16,29,37,40,44,8,10,"",,,842012
16-Oct-2012,10,32,40,41,49,2,8,"",,,832012
12-Oct-2012,6,7,17,35,43,2,8,"",,,822012
09-Oct-2012,2,8,10,23,25,8,9,"",,,812012
05-Oct-2012,9,16,18,19,21,2,3,"",,,802012
02-Oct-2012,4,16,21,36,42,7,8,"",,,792012
28-Sep-2012,20,23,26,30,33,6,9,"",,,782012
25-Sep-2012,7,25,27,48,49,1,4,"",,,772012
21-Sep-2012,4,19,34,41,43,7,11,"",,,762012
18-Sep-2012,6,7,38,39,44,7,9,"",,,752012
14-Sep-2012,3,10,23,27,44,7,9,"",,,742012
11-Sep-2012,6,15,22,37,44,2,4,"",,,732012
07-Sep-2012,13,15,30,35,42,4,6,"",,,722012
04-Sep-2012,11,17,18,39,44,5,10,"",,,712012
31-Aug-2012,16,28,31,33,48,7,11,"",,,702012
28-Aug-2012,1,18,25,26,44,4,5,"",,,692012
24-Aug-2012,5,6,12,19,37,3,7,"",,,682012
21-Aug-2012,4,5,17,38,48,3,4,"",,,672012
17-Aug-2012,19,25,28,33,44,2,8,"",,,662012
14-Aug-2012,1,16,38,42,45,9,10,"",,,652012
10-Aug-2012,11,17,21,48,50,9,10,"",,,642012
07-Aug-2012,20,27,34,46,50,2,3,"",,,632012
03-Aug-2012,24,34,35,42,46,1,5,"",,,622012
31-Jul-2012,4,29,35,36,39,8,9,"",,,612012
27-Jul-2012,14,15,21,23,48,2,10,"",,,602012
24-Jul-2012,4,16,18,25,44,1,11,"",,,592012
20-Jul-2012,10,19,23,45,49,9,10,"",,,582012
17-Jul-2012,2,7,24,43,46,8,10,"",,,572012
13-Jul-2012,8,18,25,35,46,4,9,"",,,562012
10-Jul-2012,1,3,16,24,37,1,8,"",,,552012
06-Jul-2012,31,32,38,40,42,1,3,"",,,542012
03-Jul-2012,2,7,22,27,40,3,6,"",,,532012
29-Jun-2012,14,17,28,29,39,1,11,"",,,522012
26-Jun-2012,1,11,20,22,35,8,10,"",,,512012
22-Jun-2012,14,18,19,43,49,3,7,"",,,502012
19-Jun-2012,7,17,20,35,50,5,11,"",,,492012
15-Jun-2012,10,22,27,38,48,3,7,"",,,482012
12-Jun-2012,8,15,26,30,48,9,10,"",,,472012
08-Jun-2012,5,11,22,34,40,9,11,"",,,462012
05-Jun-2012,13,34,37,47,49,8,9,"",,,452012
01-Jun-2012,2,4,14,26,36,9,10,"",,,442012
29-May-2012,8,15,17,25,28,3,11,"",,,432012
25-May-2012,12,22,35,46,49,2,8,"",,,422012
22-May-2012,16,31,32,37,41,1,7,"",,,412012
18-May-2012,13,29,43,47,50,9,11,"",,,402012
15-May-2012,2,11,13,26,50,2,5,"",,,392012
11-May-2012,1,13,17,38,44,2,11,"",,,382012
08-May-2012,3,21,34,38,48,5,8,"",,,372012
04-May-2012,3,26,39,40,41,1,2,"",,,362012
01-May-2012,4,5,15,19,41,9,11,"",,,352012
27-Apr-2012,20,27,30,36,43,1,6,"",,,342012
24-Apr-2012,8,9,24,43,48,3,5,"",,,332012
20-Apr-2012,3,6,29,32,41,10,11,"",,,322012
17-Apr-2012,10,28,33,48,49,1,10,"",,,312012
13-Apr-2012,8,13,26,39,43,3,5,"",,,302012
10-Apr-2012,22,25,27,36,37,5,9,"",,,292012
06-Apr-2012,11,20,30,35,45,2,3,"",,,282012
03-Apr-2012,1,8,18,25,30,9,10,"",,,272012
30-Mar-2012,4,17,23,36,46,6,10,"",,,262012
27-Mar-2012,24,27,29,34,36,7,8,"",,,252012
23-Mar-2012,9,15,23,31,50,8,11,"",,,242012
20-Mar-2012,15,16,28,30,46,3,4,"",,,232012
16-Mar-2012,3,4,12,23,50,4,7,"",,,222012
13-Mar-2012,1,10,25,43,47,8,9,"",,,212012
09-Mar-2012,3,32,36,39,47,6,9,"",,,202012
06-Mar-2012,23,24,27,37,47,2,6,"",,,192012
02-Mar-2012,5,6,11,30,44,2,6,"",,,182012
28-Feb-2012,1,10,17,33,48,2,3,"",,,172012
24-Feb-2012,3,7,12,26,34,8,10,"",,,162012
21-Feb-2012,11,14,24,25,29,7,11,"",,,152012
17-Feb-2012,4,11,28,38,47,10,11,"",,,142012
14-Feb-2012,14,27,36,42,46,8,11,"",,,132012
10-Feb-2012,3,8,14,31,41,7,11,"",,,122012
07-Feb-2012,3,15,17,28,33,2,4,"",,,112012
03-Feb-2012,16,19,20,25,28,1,10,"",,,102012
31-Jan-2012,9,34,38,43,45,2,4,"",,,92012
27-Jan-2012,10,13,19,39,44,2,6,"",,,82012
24-Jan-2012,1,2,6,20,36,8,11,"",,,72012
20-Jan-2012,2,10,22,27,28,6,8,"",,,62012
17-Jan-2012,12,22,30,31,44,5,6,"",,,52012
13-Jan-2012,13,14,21,27,39,6,8,"",,,42012
10-Jan-2012,4,9,10,30,40,2,9,"",,,32012
06-Jan-2012,1,6,10,12,31,2,7,"",,,22012
03-Jan-2012,3,30,42,45,49,5,10,"",,,12012
30-Dec-2011,16,36,43,44,50,7,8,"",,,862011
27-Dec-2011,19,21,25,26,44,3,7,"",,,852011
23-Dec-2011,7,21,22,24,28,1,11,"",,,842011
20-Dec-2011,1,9,12,14,48,1,7,"",,,832011
16-Dec-2011,2,5,10,23,31,2,5,"",,,822011
13-Dec-2011,7,12,18,33,37,1,11,"",,,812011
09-Dec-2011,12,21,29,44,47,1,2,"",,,802011
06-Dec-2011,19,20,21,34,38,3,9,"",,,792011
02-Dec-2011,7,27,30,40,43,8,9,"",,,782011
29-Nov-2011,11,25,41,45,50,2,7,"",,,772011
25-Nov-2011,14,19,26,28,34,5,8,"",,,762011
22-Nov-2011,16,18,24,38,40,2,4,"",,,752011
18-Nov-2011,4,12,24,39,44,2,4,"",,,742011
15-Nov-2011,6,17,22,45,47,3,11,"",,,732011
11-Nov-2011,1,4,18,23,30,3,7,"",,,722011
08-Nov-2011,1,4,15,29,40,1,5,"",,,712011
04-Nov-2011,11,14,41,43,50,2,9,"",,,702011
01-Nov-2011,14,20,23,45,46,1,11,"",,,692011
28-Oct-2011,16,17,20,39,50,4,8,"",,,682011
25-Oct-2011,12,22,27,28,39,4,10,"",,,672011
21-Oct-2011,2,19,33,37,46,5,8,"",,,662011
18-Oct-2011,18,23,37,46,48,2,10,"",,,652011
14-Oct-2011,12,23,29,32,47,3,5,"",,,642011
11-Oct-2011,1,4,12,16,48,9,10,"",,,632011
07-Oct-2011,18,26,34,38,42,5,8,"",,,622011
04-Oct-2011,14,16,23,38,45,8,11,"",,,612011
30-Sep-2011,5,15,28,31,44,1,6,"",,,602011
27-Sep-2011,18,27,28,35,40,3,5,"",,,592011
23-Sep-2011,6,14,33,34,48,2,6,"",,,582011
20-Sep-2011,9,19,25,36,38,7,11,"",,,572011
16-Sep-2011,2,8,17,39,42,3,10,"",,,562011
13-Sep-2011,9,28,30,32,49,9,10,"",,,552011
09-Sep-2011,5,21,28,31,34,1,2,"",,,542011
06-Sep-2011,35,42,47,48,50,8,9,"",,,532011
02-Sep-2011,12,26,37,38,44,4,7,"",,,522011
30-Aug-2011,2,8,10,19,46,5,9,"",,,512011
26-Aug-2011,12,22,25,33,45,5,7,"",,,502011
23-Aug-2011,4,6,14,42,50,2,4,"",,,492011
19-Aug-2011,6,14,16,28,31,2,11,"",,,482011
16-Aug-2011,1,13,17,18,45,3,8,"",,,472011
12-Aug-2011,7,10,20,27,37,4,7,"",,,462011
09-Aug-2011,7,23,24,34,36,8,11,"",,,452011
05-Aug-2011,13,14,18,32,34,1,10,"",,,442011
02-Aug-2011,5,8,14,24,33,3,8,"",,,432011
29-Jul-2011,12,19,27,37,38,5,10,"",,,422011
26-Jul-2011,1,5,22,25,48,3,11,"",,,412011
22-Jul-2011,4,15,23,49,50,2,6,"",,,402011
19-Jul-2011,3,16,25,26,35,5,9,"",,,392011
15-Jul-2011,6,26,33,34,39,3,4,"",,,382011
12-Jul-2011,17,19,38,42,45,9,10,"",,,372011
08-Jul-2011,12,13,23,40,49,7,10,"",,,362011
05-Jul-2011,11,28,29,47,49,1,5,"",,,352011
01-Jul-2011,8,11,23,31,46,8,9,"",,,342011
28-Jun-2011,15,16,30,44,50,2,3,"",,,332011
24-Jun-2011,5,16,20,30,41,6,11,"",,,322011
21-Jun-2011,17,20,35,49,50,3,4,"",,,312011
17-Jun-2011,11,16,21,22,44,3,8,"",,,302011
14-Jun-2011,5,12,19,41,48,8,10,"",,,292011
10-Jun-2011,3,19,20,37,48,8,11,"",,,282011
07-Jun-2011,6,25,36,38,40,4,10,"",,,272011
03-Jun-2011,4,39,40,49,50,2,5,"",,,262011
31-May-2011,1,9,10,22,50,5,11,"",,,252011
27-May-2011,9,17,25,28,49,8,9,"",,,242011
24-May-2011,16,23,24,26,29,2,9,"",,,232011
20-May-2011,10,14,20,25,42,8,11,"",,,222011
17-May-2011,20,21,37,45,46,2,3,"",,,212011
13-May-2011,9,11,17,36,47,1,2,"",,,202011
10-May-2011,3,10,15,28,45,5,7,"",,,192011
06-May-2011,11,16,20,22,28,4,9,"",,,182011
29-Apr-2011,15,25,38,40,41,1,2,"",,,172011
22-Apr-2011,11,22,36,45,48,1,4,"",,,162011
15-Apr-2011,4,6,21,39,41,2,6,"",,,152011
08-Apr-2011,21,23,38,47,50,2,6,"",,,142011
01-Apr-2011,4,17,21,22,33,4,8,"",,,132011
25-Mar-2011,6,12,21,27,33,3,7,"",,,122011
18-Mar-2011,1,13,20,26,50,6,7,"",,,112011
11-Mar-2011,17,19,24,37,46,2,7,"",,,102011
04-Mar-2011,11,25,27,28,41,5,8,"",,,92011
25-Feb-2011,12,13,42,45,48,3,9,"",,,82011
18-Feb-2011,2,3,15,45,49,5,9,"",,,72011
11-Feb-2011,12,14,15,19,23,7,8,"",,,62011
04-Feb-2011,2,11,24,35,47,5,9,"",,,52011
28-Jan-2011,13,23,24,41,42,1,5,"",,,42011
21-Jan-2011,3,11,13,18,21,4,5,"",,,32011
14-Jan-2011,2,14,24,39,44,6,7,"",,,22011
07-Jan-2011,1,22,32,48,50,6,7,"",,,12011
31-Dec-2010,2,24,34,38,43,1,7,"",,,532010
24-Dec-2010,19,36,38,42,46,2,8,"",,,522010
17-Dec-2010,3,20,29,35,42,3,8,"",,,512010
10-Dec-2010,2,3,10,33,46,7,8,"",,,502010
03-Dec-2010,8,19,28,32,46,4,7,"",,,492010
26-Nov-2010,9,28,36,41,49,5,7,"",,,482010
19-Nov-2010,12,15,32,36,45,7,9,"",,,472010
12-Nov-2010,7,19,23,29,47,1,6,"",,,462010
05-Nov-2010,21,23,33,40,50,4,5,"",,,452010
29-Oct-2010,16,20,22,32,42,8,9,"",,,442010
22-Oct-2010,4,5,9,11,39,3,5,"",,,432010
15-Oct-2010,2,31,36,38,43,3,7,"",,,422010
08-Oct-2010,9,30,35,39,46,6,8,"",,,412010
01-Oct-2010,1,4,6,27,48,1,6,"",,,402010
24-Sep-2010,1,4,16,40,48,1,9,"",,,392010
17-Sep-2010,17,27,29,38,50,1,3,"",,,382010
10-Sep-2010,17,21,35,41,45,1,5,"",,,372010
03-Sep-2010,13,24,26,47,49,4,8,"",,,362010
27-Aug-2010,1,6,13,30,49,1,9,"",,,352010
20-Aug-2010,5,27,31,40,42,1,6,"",,,342010
13-Aug-2010,4,9,15,21,47,2,7,"",,,332010
06-Aug-2010,13,25,28,29,42,4,5,"",,,322010
30-Jul-2010,3,4,11,28,39,2,8,"",,,312010
23-Jul-2010,4,13,35,37,46,3,9,"",,,302010
16-Jul-2010,38,39,45,46,49,7,8,"",,,292010
09-Jul-2010,9,24,37,39,49,3,9,"",,,282010
02-Jul-2010,12,13,36,41,46,1,8,"",,,272010
25-Jun-2010,1,8,18,28,31,8,9,"",,,262010
18-Jun-2010,2,29,31,32,38,1,4,"",,,252010
11-Jun-2010,2,22,24,36,44,1,2,"",,,242010
04-Jun-2010,4,17,34,40,42,4,9,"",,,232010
28-May-2010,4,9,31,32,33,3,7,"",,,222010
21-May-2010,7,19,30,38,50,4,7,"",,,212010
14-May-2010,1,17,31,43,47,2,3,"",,,202010
07-May-2010,3,6,15,21,32,7,9,"",,,192010
30-Apr-2010,6,22,24,25,36,3,8,"",,,182010
23-Apr-2010,3,7,8,43,46,6,8,"",,,172010
16-Apr-2010,9,11,17,26,40,3,9,"",,,162010
09-Apr-2010,7,21,23,24,44,3,4,"",,,152010
02-Apr-2010,12,18,24,26,45,4,5,"",,,142010
26-Mar-2010,8,16,18,37,43,2,6,"",,,132010
19-Mar-2010,10,28,30,38,39,2,7,"",,,122010
12-Mar-2010,1,26,33,36,46,6,7,"",,,112010
05-Mar-2010,12,18,19,43,49,3,9,"",,,102010
26-Feb-2010,7,11,18,29,42,6,7,"",,,92010
19-Feb-2010,12,31,37,38,43,2,3,"",,,82010
12-Feb-2010,1,5,18,38,45,4,6,"",,,72010
05-Feb-2010,34,35,38,39,46,3,4,"",,,62010
29-Jan-2010,9,17,30,39,43,5,7,"",,,52010
22-Jan-2010,4,22,27,36,44,7,9,"",,,42010
15-Jan-2010,11,26,29,49,50,4,7,"",,,32010
08-Jan-2010,4,5,14,44,46,8,9,"",,,22010
01-Jan-2010,9,22,24,27,36,5,7,"",,,12010
25-Dec-2009,4,5,14,17,34,3,5,"",,,522009
18-Dec-2009,14,30,32,35,49,3,8,"",,,512009
11-Dec-2009,20,41,43,44,46,2,9,"",,,502009
04-Dec-2009,18,19,25,30,44,1,3,"",,,492009
27-Nov-2009,5,8,13,15,33,8,9,"",,,482009
20-Nov-2009,5,9,28,43,47,2,9,"",,,472009
13-Nov-2009,13,15,25,26,32,3,4,"",,,462009
06-Nov-2009,11,19,34,43,45,5,9,"",,,452009
30-Oct-2009,9,33,35,38,40,2,6,"",,,442009
23-Oct-2009,6,18,20,29,31,2,8,"",,,432009
16-Oct-2009,12,23,30,31,47,3,4,"",,,422009
09-Oct-2009,7,11,29,46,50,4,7,"",,,412009
02-Oct-2009,22,23,24,29,44,1,5,"",,,402009
25-Sep-2009,6,17,18,21,34,3,9,"",,,392009
18-Sep-2009,6,16,30,38,41,2,4,"",,,382009
11-Sep-2009,12,15,35,42,43,4,6,"",,,372009
04-Sep-2009,6,9,20,38,39,3,9,"",,,362009
28-Aug-2009,8,36,37,41,49,5,7,"",,,352009
21-Aug-2009,4,7,16,31,42,3,5,"",,,342009
14-Aug-2009,5,8,24,30,49,3,9,"",,,332009
07-Aug-2009,10,20,22,24,31,2,7,"",,,322009
31-Jul-2009,5,9,20,21,26,3,6,"",,,312009
24-Jul-2009,14,15,25,35,47,5,9,"",,,302009
17-Jul-2009,2,8,17,32,50,3,7,"",,,292009
10-Jul-2009,6,16,20,42,46,1,6,"",,,282009
03-Jul-2009,21,29,34,46,47,6,8,"",,,272009
26-Jun-2009,6,11,21,30,39,2,8,"",,,262009
19-Jun-2009,4,16,17,20,29,5,7,"",,,252009
12-Jun-2009,6,14,16,34,50,4,6,"",,,242009
05-Jun-2009,11,19,26,35,40,2,5,"",,,232009
29-May-2009,2,5,30,37,47,3,6,"",,,222009
22-May-2009,4,13,14,33,43,1,6,"",,,212009
15-May-2009,8,18,19,20,42,5,9,"",,,202009
08-May-2009,4,23,24,29,31,8,9,"",,,192009
01-May-2009,5,19,31,38,47,3,5,"",,,182009
24-Apr-2009,4,14,21,24,41,5,8,"",,,172009
17-Apr-2009,4,7,21,44,47,1,5,"",,,162009
10-Apr-2009,9,14,16,37,46,2,4,"",,,152009
03-Apr-2009,2,20,24,32,46,1,9,"",,,142009
27-Mar-2009,25,33,36,38,42,6,7,"",,,132009
20-Mar-2009,12,16,23,31,35,4,6,"",,,122009
13-Mar-2009,12,24,26,36,42,1,4,"",,,112009
06-Mar-2009,13,17,19,25,35,5,6,"",,,102009
27-Feb-2009,5,9,37,44,45,6,9,"",,,92009
20-Feb-2009,9,12,13,14,48,1,2,"",,,82009
13-Feb-2009,22,33,36,40,42,1,2,"",,,72009
06-Feb-2009,10,20,30,36,40,3,5,"",,,62009
30-Jan-2009,4,29,34,35,46,5,8,"",,,52009
23-Jan-2009,32,33,36,40,49,2,8,"",,,42009
16-Jan-2009,3,17,22,49,50,3,6,"",,,32009
09-Jan-2009,7,15,22,28,48,1,4,"",,,22009
02-Jan-2009,29,30,36,37,48,1,6,"",,,12009
26-Dec-2008,1,2,26,44,50,1,7,"",,,522008
19-Dec-2008,28,29,40,46,50,5,7,"",,,512008
12-Dec-2008,2,19,28,42,49,2,7,"",,,502008
05-Dec-2008,4,8,21,35,45,5,8,"",,,492008
28-Nov-2008,8,11,16,25,41,2,4,"",,,482008
21-Nov-2008,9,14,21,49,50,3,8,"",,,472008
14-Nov-2008,8,10,14,21,26,3,4,"",,,462008
07-Nov-2008,1,9,12,17,18,3,4,"",,,452008
31-Oct-2008,3,18,25,34,41,2,5,"",,,442008
24-Oct-2008,7,15,16,17,45,6,9,"",,,432008
17-Oct-2008,3,10,12,42,50,1,5,"",,,422008
10-Oct-2008,4,15,22,31,41,1,6,"",,,412008
03-Oct-2008,4,13,19,23,38,2,3,"",,,402008
26-Sep-2008,14,29,31,33,37,1,2,"",,,392008
19-Sep-2008,14,16,19,20,31,6,9,"",,,382008
12-Sep-2008,19,23,33,37,50,3,7,"",,,372008
05-Sep-2008,7,12,16,17,39,3,8,"",,,362008
29-Aug-2008,2,20,25,37,39,5,8,"",,,352008
22-Aug-2008,7,27,29,39,50,5,7,"",,,342008
15-Aug-2008,11,17,18,26,31,5,6,"",,,332008
08-Aug-2008,4,5,15,16,45,4,7,"",,,322008
01-Aug-2008,1,22,25,40,50,1,8,"",,,312008
25-Jul-2008,7,11,15,24,29,2,7,"",,,302008
18-Jul-2008,10,14,16,29,44,5,6,"",,,292008
11-Jul-2008,9,11,13,19,37,3,4,"",,,282008
04-Jul-2008,7,19,22,27,48,5,7,"",,,272008
27-Jun-2008,5,20,26,44,50,5,7,"",,,262008
20-Jun-2008,8,11,36,37,45,3,5,"",,,252008
13-Jun-2008,13,16,37,44,50,1,9,"",,,242008
06-Jun-2008,7,19,21,40,50,2,9,"",,,232008
30-May-2008,5,7,14,20,49,2,8,"",,,222008
23-May-2008,5,9,19,21,38,1,7,"",,,212008
16-May-2008,6,9,15,25,38,4,9,"",,,202008
09-May-2008,8,9,40,42,45,6,7,"",,,192008
02-May-2008,2,26,37,45,48,4,8,"",,,182008
25-Apr-2008,4,19,26,27,30,3,8,"",,,172008
18-Apr-2008,3,6,7,27,50,5,9,"",,,162008
11-Apr-2008,6,25,30,45,50,5,7,"",,,152008
04-Apr-2008,11,13,18,37,47,1,6,"",,,142008
28-Mar-2008,5,9,17,29,39,3,6,"",,,132008
21-Mar-2008,2,10,18,22,36,4,6,"",,,122008
14-Mar-2008,13,21,25,35,48,4,8,"",,,112008
07-Mar-2008,2,7,14,17,35,1,6,"",,,102008
29-Feb-2008,12,37,40,47,49,2,9,"",,,92008
22-Feb-2008,4,27,32,46,50,8,9,"",,,82008
15-Feb-2008,12,27,29,45,46,4,7,"",,,72008
08-Feb-2008,17,28,30,38,44,1,4,"",,,62008
01-Feb-2008,22,30,45,47,49,4,9,"",,,52008
25-Jan-2008,2,6,9,19,45,7,8,"",,,42008
18-Jan-2008,14,16,23,40,46,4,8,"",,,32008
11-Jan-2008,8,24,36,49,50,4,8,"",,,22008
04-Jan-2008,10,12,24,25,41,3,5,"",,,12008
28-Dec-2007,20,21,22,31,45,7,9,"",,,522007
21-Dec-2007,7,9,28,37,44,6,7,"",,,512007
14-Dec-2007,8,25,30,36,44,3,4,"",,,502007
07-Dec-2007,2,4,32,43,48,1,7,"",,,492007
30-Nov-2007,12,19,20,30,38,7,9,"",,,482007
23-Nov-2007,2,10,22,29,48,3,9,"",,,472007
16-Nov-2007,9,18,23,33,37,1,8,"",,,462007
09-Nov-2007,5,14,22,25,36,5,6,"",,,452007
02-Nov-2007,3,16,18,19,40,1,2,"",,,442007
26-Oct-2007,7,20,38,40,43,1,8,"",,,432007
19-Oct-2007,7,18,34,35,40,7,8,"",,,422007
12-Oct-2007,21,32,36,46,47,3,4,"",,,412007
05-Oct-2007,11,20,27,35,44,2,5,"",,,402007
28-Sep-2007,22,30,34,35,44,4,5,"",,,392007
21-Sep-2007,1,17,32,35,37,1,8,"",,,382007
14-Sep-2007,5,9,11,29,33,7,9,"",,,372007
07-Sep-2007,2,3,33,34,42,3,5,"",,,362007
31-Aug-2007,6,18,22,23,37,5,6,"",,,352007
24-Aug-2007,1,3,16,42,48,2,3,"",,,342007
17-Aug-2007,2,3,13,38,42,7,8,"",,,332007
10-Aug-2007,23,40,42,43,49,2,6,"",,,322007
03-Aug-2007,10,30,33,37,41,1,8,"",,,312007
27-Jul-2007,1,4,21,29,41,7,8,"",,,302007
20-Jul-2007,10,21,25,26,50,4,9,"",,,292007
13-Jul-2007,9,13,15,31,48,3,6,"",,,282007
06-Jul-2007,4,5,19,39,41,8,9,"",,,272007
29-Jun-2007,8,12,28,33,45,1,3,"",,,262007
22-Jun-2007,11,16,17,22,34,5,6,"",,,252007
15-Jun-2007,5,7,14,21,40,3,8,"",,,242007
08-Jun-2007,1,15,17,25,45,2,8,"",,,232007
01-Jun-2007,6,22,37,41,42,6,9,"",,,222007
25-May-2007,25,26,29,49,50,7,8,"",,,212007
18-May-2007,26,34,37,39,49,2,6,"",,,202007
11-May-2007,7,12,26,29,49,2,6,"",,,192007
04-May-2007,6,17,35,41,45,1,5,"",,,182007
27-Apr-2007,7,18,27,36,44,1,2,"",,,172007
20-Apr-2007,23,26,32,41,45,3,7,"",,,162007
13-Apr-2007,7,20,25,38,41,3,7,"",,,152007
06-Apr-2007,15,23,29,41,48,3,6,"",,,142007
30-Mar-2007,9,17,19,41,46,1,8,"",,,132007
23-Mar-2007,5,13,17,40,43,1,3,"",,,122007
16-Mar-2007,4,14,31,45,49,4,9,"",,,112007
09-Mar-2007,2,3,25,43,48,6,9,"",,,102007
02-Mar-2007,3,16,34,38,48,5,8,"",,,92007
23-Feb-2007,2,15,18,20,22,2,5,"",,,82007
16-Feb-2007,8,19,20,39,50,6,9,"",,,72007
09-Feb-2007,14,16,30,36,46,2,8,"",,,62007
02-Feb-2007,14,23,27,30,36,1,6,"",,,52007
26-Jan-2007,11,15,23,30,38,4,9,"",,,42007
19-Jan-2007,5,13,27,33,42,2,4,"",,,32007
12-Jan-2007,8,11,14,19,25,3,5,"",,,22007
05-Jan-2007,17,19,29,36,45,5,6,"",,,12007
29-Dec-2006,6,9,13,14,35,3,4,"",,,522006
22-Dec-2006,9,11,20,38,43,2,3,"",,,512006
15-Dec-2006,9,23,35,37,42,3,7,"",,,502006
08-Dec-2006,16,17,18,36,47,1,2,"",,,492006
01-Dec-2006,4,8,16,37,41,2,5,"",,,482006
24-Nov-2006,5,8,17,25,40,1,5,"",,,472006
17-Nov-2006,12,22,32,33,36,2,6,"",,,462006
10-Nov-2006,14,21,27,30,36,2,3,"",,,452006
03-Nov-2006,11,13,24,44,49,3,9,"",,,442006
27-Oct-2006,3,4,8,44,50,7,8,"",,,432006
20-Oct-2006,10,19,34,45,47,3,6,"",,,422006
13-Oct-2006,2,25,32,38,41,3,5,"",,,412006
06-Oct-2006,5,11,22,35,38,7,8,"",,,402006
29-Sep-2006,1,3,6,18,24,5,8,"",,,392006
22-Sep-2006,10,29,30,45,49,3,8,"",,,382006
15-Sep-2006,6,10,16,26,49,7,9,"",,,372006
08-Sep-2006,1,10,12,32,33,1,8,"",,,362006
01-Sep-2006,3,7,25,45,50,6,9,"",,,352006
25-Aug-2006,10,28,40,47,48,6,8,"",,,342006
18-Aug-2006,12,37,39,40,50,1,2,"",,,332006
11-Aug-2006,27,28,31,46,47,2,5,"",,,322006
04-Aug-2006,1,14,15,26,32,3,7,"",,,312006
28-Jul-2006,3,8,12,29,43,6,7,"",,,302006
21-Jul-2006,2,4,9,38,50,6,8,"",,,292006
14-Jul-2006,1,7,17,31,36,2,8,"",,,282006
07-Jul-2006,7,9,18,35,43,5,7,"",,,272006
30-Jun-2006,6,15,16,40,43,1,2,"",,,262006
23-Jun-2006,9,21,30,43,44,1,9,"",,,252006
16-Jun-2006,1,16,26,30,36,3,9,"",,,242006
09-Jun-2006,3,12,15,34,39,4,6,"",,,232006
02-Jun-2006,7,8,27,41,48,1,6,"",,,222006
26-May-2006,2,12,21,41,49,3,7,"",,,212006
19-May-2006,3,5,25,34,49,5,8,"",,,202006
12-May-2006,5,20,23,34,50,1,5,"",,,192006
05-May-2006,4,8,14,16,50,3,9,"",,,182006
28-Apr-2006,5,10,17,22,33,5,7,"",,,172006
21-Apr-2006,1,20,22,37,46,1,9,"",,,162006
14-Apr-2006,16,26,34,35,49,2,6,"",,,152006
07-Apr-2006,12,13,29,44,50,4,5,"",,,142006
31-Mar-2006,3,20,31,45,50,6,7,"",,,132006
24-Mar-2006,17,28,33,35,47,4,9,"",,,122006
17-Mar-2006,5,32,44,45,50,1,7,"",,,112006
10-Mar-2006,1,21,33,45,49,4,8,"",,,102006
03-Mar-2006,3,5,8,10,44,3,5,"",,,92006
24-Feb-2006,1,11,18,19,47,3,7,"",,,82006
17-Feb-2006,4,23,24,26,38,2,4,"",,,72006
10-Feb-2006,5,6,38,48,50,6,7,"",,,62006
03-Feb-2006,9,21,30,39,50,1,3,"",,,52006
27-Jan-2006,9,15,21,40,49,1,4,"",,,42006
20-Jan-2006,12,15,33,44,50,2,6,"",,,32006
13-Jan-2006,8,12,19,33,34,1,6,"",,,22006
06-Jan-2006,2,6,9,14,26,4,5,"",,,12006
30-Dec-2005,8,16,19,43,45,1,4,"",,,522005
23-Dec-2005,15,31,36,37,42,1,7,"",,,512005
16-Dec-2005,2,3,15,18,32,6,7,"",,,502005
09-Dec-2005,11,18,35,38,42,1,5,"",,,492005
02-Dec-2005,1,9,20,23,30,4,7,"",,,482005
25-Nov-2005,1,6,27,39,47,1,6,"",,,472005
18-Nov-2005,17,18,25,34,48,2,3,"",,,462005
11-Nov-2005,15,16,36,41,42,3,5,"",,,452005
04-Nov-2005,26,36,37,38,42,2,6,"",,,442005
28-Oct-2005,14,36,44,47,50,3,5,"",,,432005
21-Oct-2005,1,14,19,29,33,1,8,"",,,422005
14-Oct-2005,10,11,19,20,23,1,6,"",,,412005
07-Oct-2005,2,13,21,26,44,3,9,"",,,402005
30-Sep-2005,6,11,47,48,50,1,6,"",,,392005
23-Sep-2005,1,26,31,34,47,4,9,"",,,382005
16-Sep-2005,12,13,19,21,38,3,9,"",,,372005
09-Sep-2005,8,12,19,31,50,6,7,"",,,362005
02-Sep-2005,3,4,14,43,50,3,6,"",,,352005
26-Aug-2005,9,29,35,40,41,1,6,"",,,342005
19-Aug-2005,11,24,29,31,41,1,3,"",,,332005
12-Aug-2005,15,23,30,37,40,7,9,"",,,322005
05-Aug-2005,2,11,21,22,30,4,6,"",,,312005
29-Jul-2005,3,19,26,49,50,4,5,"",,,302005
22-Jul-2005,3,14,41,48,49,1,4,"",,,292005
15-Jul-2005,1,11,12,23,42,3,6,"",,,282005
08-Jul-2005,35,36,42,46,49,2,8,"",,,272005
01-Jul-2005,4,5,23,25,28,3,4,"",,,262005
24-Jun-2005,6,8,14,15,45,7,8,"",,,252005
17-Jun-2005,4,8,10,18,21,1,7,"",,,242005
10-Jun-2005,6,7,32,37,47,1,7,"",,,232005
03-Jun-2005,3,8,11,17,50,1,5,"",,,222005
27-May-2005,2,24,31,48,50,4,9,"",,,212005
20-May-2005,6,7,13,28,47,5,8,"",,,202005
13-May-2005,12,17,31,32,40,2,9,"",,,192005
06-May-2005,7,12,21,26,44,6,8,"",,,182005
29-Apr-2005,3,9,35,39,42,1,8,"",,,172005
22-Apr-2005,3,10,13,24,47,5,9,"",,,162005
15-Apr-2005,6,28,31,38,42,3,9,"",,,152005
08-Apr-2005,7,11,25,31,50,1,3,"",,,142005
01-Apr-2005,25,26,41,44,47,3,7,"",,,132005
25-Mar-2005,4,29,33,37,38,6,9,"",,,122005
18-Mar-2005,6,23,39,43,48,5,7,"",,,112005
11-Mar-2005,8,12,23,40,43,1,4,"",,,102005
04-Mar-2005,12,24,32,37,39,7,9,"",,,92005
25-Feb-2005,3,27,30,43,44,4,8,"",,,82005
18-Feb-2005,20,21,26,32,46,8,9,"",,,72005
11-Feb-2005,11,13,25,32,50,4,7,"",,,62005
04-Feb-2005,1,8,11,30,40,7,8,"",,,52005
28-Jan-2005,7,21,26,43,45,5,7,"",,,42005
21-Jan-2005,10,12,14,24,26,5,8,"",,,32005
14-Jan-2005,6,11,14,19,29,1,3,"",,,22005
07-Jan-2005,3,23,27,47,50,2,3,"",,,12005
31-Dec-2004,7,8,24,25,47,8,9,"",,,472004
24-Dec-2004,3,4,27,29,37,5,6,"",,,462004
17-Dec-2004,15,19,22,46,49,2,9,"",,,452004
10-Dec-2004,1,3,13,16,43,2,7,"",,,442004
03-Dec-2004,1,11,15,42,49,3,4,"",,,432004
26-Nov-2004,1,4,24,34,36,6,8,"",,,422004
19-Nov-2004,1,18,29,34,37,2,6,"",,,412004
12-Nov-2004,4,11,12,13,32,3,9,"",,,402004
05-Nov-2004,6,19,25,42,49,1,7,"",,,392004
29-Oct-2004,1,8,32,35,38,4,9,"",,,382004
22-Oct-2004,1,9,23,25,40,3,9,"",,,372004
15-Oct-2004,14,21,22,37,43,5,8,"",,,362004
08-Oct-2004,1,10,12,16,48,2,6,"",,,352004
01-Oct-2004,12,20,21,45,48,5,6,"",,,342004
24-Sep-2004,21,26,27,44,48,1,7,"",,,332004
17-Sep-2004,15,18,29,39,41,5,8,"",,,322004
10-Sep-2004,5,25,33,36,38,2,5,"",,,312004
03-Sep-2004,8,12,14,15,34,6,7,"",,,302004
27-Aug-2004,1,11,22,28,44,1,9,"",,,292004
20-Aug-2004,6,9,10,27,35,6,8,"",,,282004
13-Aug-2004,20,27,41,43,50,5,8,"",,,272004
06-Aug-2004,5,15,24,35,44,5,6,"",,,262004
30-Jul-2004,9,10,19,37,50,1,6,"",,,252004
23-Jul-2004,7,10,27,31,34,3,8,"",,,242004
16-Jul-2004,24,26,31,38,50,5,8,"",,,232004
09-Jul-2004,2,5,12,19,44,8,9,"",,,222004
02-Jul-2004,4,23,24,28,34,1,3,"",,,212004
25-Jun-2004,3,21,30,34,35,1,2,"",,,202004
18-Jun-2004,2,23,28,40,43,2,6,"",,,192004
11-Jun-2004,2,7,8,10,47,1,7,"",,,182004
04-Jun-2004,9,13,34,41,42,3,7,"",,,172004
28-May-2004,6,11,35,41,44,5,6,"",,,162004
21-May-2004,15,29,37,39,49,4,9,"",,,152004
14-May-2004,1,3,21,32,39,2,6,"",,,142004
07-May-2004,15,16,21,36,38,1,5,"",,,132004
30-Apr-2004,5,6,16,23,27,6,7,"",,,122004
23-Apr-2004,6,10,21,45,49,3,5,"",,,112004
16-Apr-2004,14,15,28,35,40,1,3,"",,,102004
09-Apr-2004,1,4,10,19,23,2,8,"",,,92004
02-Apr-2004,4,12,24,27,36,2,9,"",,,82004
26-Mar-2004,3,4,10,23,43,2,4,"",,,72004
19-Mar-2004,33,36,37,42,45,4,9,"",,,62004
12-Mar-2004,15,24,28,44,47,4,5,"",,,52004
05-Mar-2004,4,7,33,37,39,1,5,"",,,42004
27-Feb-2004,14,18,19,31,37,4,5,"",,,32004
20-Feb-2004,7,13,39,47,50,2,5,"",,,22004
13-Feb-2004,16,29,32,36,41,7,9,"",,,12004
