BDGE.B.F.CAA..CAA...	AR
BDE..BF..CAAG.CAA...	GU,AR
.B..C.BE.CD.GAAF..AA	EU,GU,AL,AL
D..GC.FE.CB.AA.B.AA.	AL
B.D..BFEC.AA.C.AAG..	GR,AR
DFEC.B.GC.B.AA...AA.	AL
DF.E...G...BAAC.BAAC	BL,AL
BDE..BF...AAGC.AA.C.	GU,AR
D.E.CFB..C.BGAA...AA	BU,GU,AL,AL
DE..CBF.GCB.AA...AA.	AL
BF.D.B.G.CAAE.CAA...	ER,AR
BD.GEB.F.C..AAC..AA.	AL
BDE..BF...AAGC.AA.C.	GU,AR
DFEC.B.GC.B.AA...AA.	AL
.DE.CBG..CB.AA..FAA.	FL,AL
D.F...BEGC.BAAC..AA.	BU,AL
BDE..BF..CAAG.CAA...	GU,AR
B.E.CBDG.C..AA.F.AA.	AL
BD..EBF...AA.GCAA..C	AR
B.D..BF.G.AAE.CAA..C	EU,AR
BDGE.BF.....AAC..AAC	AL
BD.E.BFG.CAA..CAA...	AR
B.D.EBAA...AAGCF...C	AD
B.G.EBDF.CAA..CAA...	AR
BDEC.BF.C....AA..GAA	GU,GU,AL,AL
BD.ECB.G.CAA.F.AA...	AR
D.FEC..G.CB.AA.B.AA.	AL
B.D.EB.FGC..AAC..AA.	AL
D..ECB.G.CBFAA...AA.	FU,AL
BDEC.BF.C.AAG..AA...	GU,AR
.DE.CBF.GCB.AA...AA.	AL
.G..EF....B.AACBDAAC	DU,DU,AL
BD.ECB...CAA.F.AAG..	GR,AR
BD...B.FECAA.GCAA...	AR
BDG.EBFC..AAC..AA...	CR,AR
D.E.CBFG.CB.AA...AA.	AL
B..E.BD.GCF.AAC..AA.	AL
.D.C.BGEC.B.AA..FAA.	FL,AL
BDE..BF...AAGC.AA.C.	GU,AR
BE..FBD..CAA..CAA.G.	AR
BDE..BF.C.AA.C.AAG..	GR,AR
DE.C..G.C..BAA.FBAA.	GR,BU,BL,AL
D.E.CB.G.CBF.AA...AA	FU,AL,AL
BDE..BF.GC..AAC..AA.	AL
BDEGCBAAFC.AA.......	AD
BD.E.BFG.CAA..CAA...	AR
BD.ECBF..CAAG..AA...	GU,AR
.EDC....C.BFGAAB..AA	FU,GU,AL,AL
BDE.CBG..C.FAA...AA.	FL,AL
B.E..B..G..FAACD.AAC	FU,AL
D.EC.BFGC.B..AA...AA	AL,AL
BDE..B.FC.AAGC.AA...	FL,GU,AR
D.C..E.C..BG.AAB.FAA	CR,GU,FU,FU,AL,AL
BDE..BFGC.AA.C.AA...	AR
.DE.CB.G.CBFAA...AA.	FU,AL
BDE.CB.G.C.F.AA...AA	FU,AL,AL
B..FEB.DC.AAGC.AA...	DU,GU,AR
..E.C.DG.CBFAA.B.AA.	DU,FU,AL
G.B.C.DBEC...AA..FAA	FL,AL,FL,AL
..D.CF..EC.B.AA.BGAA	BL,GU,GU,AL,AL
B.EC.B..C..DFAA..GAA	DU,FU,GL,AL,GL,AL
.BE...BD..AAF.CAA.GC	FR,AR
.DE..BF..CB.AACG.AA.	AL
BDEC.B.FC.AA.G.AA...	AR
BDG.CBF.EC...AA...AA	AL,AL
BD..EBFGC.AA.C.AA...	AR
DE..C.G..CF.BAA..BAA	BU,BU,AL,AL
.E..CDF..C.BGAA.B.AA	BL,GU,AL,AL
BDEC.BG.C..F.AA...AA	FL,AL,AL
.DGEC.F..CB.AA.B.AA.	AL
..DEC.BG.C.B.AA..FAA	BU,FL,AL,FL,AL
.F.ECB.DGCB.AA...AA.	AL
.DEC...GC.BFAA.B.AA.	FU,AL
BDE.CBFG.CAA...AA...	AR
B.DE.B.FG.AAC..AAC..	CR,AR
DFE.CB.G.CB..AA...AA	AL,AL
BDE..BF.G.AA.C.AA.C.	AR
.DE.CB.G.CBFAA...AA.	FU,AL
B.DC.BFEC.AAG..AA...	GR,AR
B.EDCBF.GC...AA...AA	AL,AL
D.EC.BFGC.B..AA...AA	AL,AL
E...CDFG.CB.AA.B.AA.	AL
BF.ECB.D.CAA.G.AA...	AR
DF..C...ECB.AA.B.AAG	AL
.DEC...GC.BFAA.B.AA.	FU,AL
.F.DEB..GCB.AAC..AA.	AL
B.EC.BDGC...AA..FAA.	FL,AL
D.EC.BFGC.B..AA...AA	AL,AL
DFE..B.G.CB.AAC..AA.	AL
.DEC.B.GC.B.AA..FAA.	FL,AL
BDE.CBFG.CAA...AA...	AR
BDGECBF..CAA...AA...	AR
BD.E.BFG..AA.C.AA.C.	AR
BD.GCB..FCAA...AA.E.	AR
.DE.GB.F.CB.AAC..AA.	AL
BD.E.B.F.CAAG.CAA...	GR,AR
D.E.CBFG.CB.AA...AA.	AL
B.EC.BDFC.AAG..AA...	GR,AR
.D.ECB..GCB..AA.F.AA	AL,FL,AL
BD.E.BF.C.AAGC.AA...	GU,AR
D.EGC....CFBAA..BAA.	FU,BL,AL
B.DECBFG.C..AA...AA.	AL
.DE..BG..CBFAAC..AA.	BU,FL,AL
D....G.E..B.AACBFAAC	FU,FU,AL
BDEC.BF.C.AA...AA.G.	AR
BD.E.BFG..AA.C.AA.C.	AR
BDE..BF.GC..AAC..AA.	AL
B.E.GBFD..AA.C.AA.C.	AR
.DE.CF.G.CB..AAB..AA	AL,AL
BD.E.BF...AAC.GAAC..	CR,AR
B..D.BFE..AAG.CAA..C	GR,AR
BD.E.BFC..AAC..AAG..	CU,GR,AR
BD.C.B.EC...GAA.F.AA	EU,GU,AL,FL,AL
.DE.CB.G.CBFAA...AA.	FU,AL
D...CB.GECB.AA..FAA.	FL,AL
B.DGEBF..CAA..CAA...	AR
BD..CBFGEC..AA...AA.	AL
BD..EB.GF...AAC..AAC	AL
BDGECBF..CAA...AA...	AR
.DEC.B.GC.BF.AA...AA	FU,AL,AL
B....B.DE.AA.GCAA.FC	AR
BDE.CBF..CAA...AAG..	GR,AR
..E.CFDG.CB.AA.B.AA.	AL
FD.EG.AAC.BAAC.B....	AD
BDEC.B.FC.AA.G.AA...	AR
FD...GAAE.BAA.CB...C	AD
BDE.CBF..C..GAA...AA	GU,AL,AL
.DGECB...CBFAA...AA.	FU,AL
D.G.C.F.ECB.AA.B.AA.	AL
B.DE.BFG..AAC..AAC..	CR,AR
BDE..B.G....AAC.FAAC	FL,AL
.EFC.BD.C.B.GAA...AA	GU,AL,AL
D.E.C.FG.C.BAA..BAA.	BL,AL
.DFECB..GCB..AA...AA	AL,AL
BDE.CB.G.C.F.AA...AA	FU,AL,AL
BDE.CB..GC.FAA...AA.	FU,AL
.D.E.B....BGAAC.FAAC	GU,FL,AL
D..F.B.GECB.AAC..AA.	AL
B.E.CBDF.CAA.G.AA...	AR
BE...B..DGF.AAC..AAC	AL
...C..DEC.BFGAAB..AA	DU,EU,FU,GU,AL,AL
BDE..BFG....AAC..AAC	AL
D.E.CB.G.CBF.AA...AA	FU,AL,AL
B..E.BDFC.AAGC.AA...	FU,GU,AR
BDE.CB..GC.FAA...AA.	FU,AL
BDE..BF..CAAG.CAA...	GU,AR
D.E.CBFG.CB.AA...AA.	AL
..DECB.G.CB.AA.F.AA.	AL
.DEC.BG.C.B.AA.F.AA.	AL
BDEC.BF.C.AAG..AA...	GU,AR
BD.C.BFEC....AA.G.AA	AL,GL,AL
...C..EGC.BDFAAB..AA	EU,GU,DU,FU,AL,AL
.D.E...GF..BAAC.BAAC	BL,AL
B..ECBD..CF.AA.G.AA.	AL
BD.E.BFG.CAA..CAA...	AR
....CDFEGCB.AA.B.AA.	AL
B.DECBFG.CAA...AA...	AR
BD.E.B.G.CF.AAC..AA.	AL
B.DE.BFGC.AA.C.AA...	AR
.DEC.B.GC.BF.AA...AA	FU,AL,AL
BDE.CBFG.C..AA...AA.	AL
BD.GCBFE.C...AA...AA	AL,AL
.D.C.BFEC.B..AA..GAA	GL,AL,GL,AL
BDEC.BF.C....AA..GAA	GU,GU,AL,AL
.D..C.F.ECB.GAAB..AA	GU,AL,AL
....GB..E.BDAAC.FAAC	DU,FL,AL
.DE..B.F.GB.AAC..AAC	AL
B.EDCBFG.CAA...AA...	AR
DFEC.B.GC.B.AA...AA.	AL
DFEC.B.GC.B.AA...AA.	AL
BD.ECB.F.CAA...AA..G	AR
BDE..BFG..AA..CAA..C	AR
B....BF..CAADECAA.G.	DU,AR
DE.C.FBGC..BAA...AA.	ER,BU,AL
D...C.BGEC.BAA.F.AA.	BU,AL
....EDFG.C.BAAC.BAA.	BL,AL
BDEC.BF.C..G.AA...AA	GL,AL,AL
BDEC.BF.C...AAG..AA.	AL
.DEC.B.GC.BF.AA...AA	FU,AL,AL
B.EC.BDGC..F.AA...AA	FL,AL,AL
.DE.CBF.GCB.AA...AA.	AL
BDE.CBF..CAA...AAG..	GR,AR
BDE.CB.FGC..AA...AA.	AL
.D.GCBFE.CB.AA...AA.	AL
..DECBFG.CB..AA...AA	AL,AL
B.ED.BF...AA.GCAA..C	AR
BDE..BFG..AA..CAA..C	AR
B.D..BFE..AA..CAAG.C	GR,AR
BDE..B.G.C.FAAC..AA.	FU,AL
.D..G....EB.AACBFAAC	BU,FL,AL
BD.C.BF.C.AAE.GAA...	EU,AR
FD.....GEC.BAAC.BAA.	BL,AL
DG..CFE..CB.AA.B.AA.	AL
..EGCB...CB.DAAF..AA	DU,AL,AL
DE......GCB.AACBFAA.	BU,FL,AL
BF..EBD..CAA..CAA.G.	AR
D.EC.BFGC.B..AA...AA	AL,AL
BDE..BF.GCAA..CAA...	AR
BD.GEB...CAA..CAAF..	FR,AR
B.FCEBD.C.AA...AAG..	GR,AR
FD....AAECBAA.CB..G.	AD
B.EC.BG.C...FAA.D.AA	FU,AL,DL,AL
B.DECBFG.CAA...AA...	AR
.BDE..B..GAAFC.AA.C.	FU,AR
BDGECBF..CAA...AA...	AR
.FEC...GC.DBAA..BAA.	DU,BL,AL
BD..EB.AACFGAAC.....	AD,GU,AL
BE..CBDF.C...AA..GAA	GL,AL,GL,AL
DF..CB.EGCB..AA...AA	AL,AL
BD.E.BFG.CAA..CAA...	AR
.D.EC.G..C.BAA.FBAA.	GR,BU,BL,AL
BDEG.BF...AAC..AAC..	CR,AR
BD.ECB.F.C..GAA...AA	FU,GU,AL,AL
BD...BFEC.AA.C.AA.G.	AR
BD.E.BFG..AA.C.AA.C.	AR
DGEC..F.C.B.AA.B.AA.	AL
BD..EB.FC.AAGC.AA...	FU,GU,AR
B.DECBF..CAA.G.AA...	AR
..DEC...GCBFAA.B.AA.	FU,AL
BDE..BF.C.AA.C.AAG..	GR,AR
.DEC.B.GC.B.AA..FAA.	FL,AL
D..GE..AA.B.AACBF..C	AD,BU,FL,AL
B.DC.BFEC.AAG..AA...	GR,AR
DFE.C.G..CB..AAB..AA	AL,AL
B.E..B....AADFCAAG.C	DU,GR,AR
BDE.CB..GCF..AA...AA	AL,AL
BD..GBF..EAAC..AAC..	CR,AR
BDE..BF..CAAG.CAA...	GU,AR
BDE..BF..CAAG.CAA...	GU,AR
...ECBDG.CBFAA...AA.	BU,FL,AL
BDFECB...C...AA..GAA	GU,GU,AL,AL
.D.E...GF..BAAC.BAAC	BL,AL
B..ECBD.GCF..AA...AA	AL,AL
E..C.B.GC.BDAA..FAA.	DU,FL,AL
BDEF.B.G..AA.C.AA.C.	AR
F.D.E.AAG.BAA.CB...C	AD
BDE..BFGC.AA.C.AA...	AR
BDEC.B.FC.AA.G.AA...	AR
BDE.CBFG.C..AA...AA.	AL
BDE..BFGC.AA.C.AA...	AR
B.D.EBFG.C..AAC..AA.	AL
BDE..B.FC.AAGC.AA...	FL,GU,AR
.DEC..FGC..BAA..BAA.	BL,AL
BDEC.B.FC...GAA...AA	FL,GU,AL,AL
..D.CBFE.CBG.AA...AA	BU,GL,AL,AL
BDE.CBF..CAA.G.AA...	AR
.E.GC....CBDFAAB..AA	DU,FU,AL,AL
.D..EF..G.B.AACB.AAC	AL
...EC.D.GCB..AABF.AA	BU,AL,FL,AL
..E.CDFG.CB.AA.B.AA.	AL
B.E..BD.GCAA.FCAA...	AR
BD..CBG.EC.FAA...AA.	FL,AL
BDE..BF..CAAG.CAA...	GU,AR
......DG.EB.AACBFAAC	BU,FL,AL
BDE..B.G.C.FAAC..AA.	FU,AL
.DE.CB.G.CBFAA...AA.	FU,AL
BD.E.BFG.CAA..CAA...	AR
FDGEC....CB.AA.B.AA.	AL
BD...BFEC.AAGC.AA...	EU,GU,AR
BFE.DB...CAA..CAA.G.	AR
B...EBDG...FAAC..AAC	FL,AL
BDE.CBG..C.FAA...AA.	FL,AL
B.GC.B.FCE...AA.D.AA	AL,DL,AL
DF.C.B..C.BE.AA..GAA	EU,GU,GU,AL,AL
D.EC.B..C.BG.AA.F.AA	GU,AL,FL,AL
.D.ECBFG.CB.AA...AA.	AL
B.DE.BF.GCAA..CAA...	AR
.DE.CB...CBFGAA...AA	FU,GU,AL,AL
..D..BAA.EBAAFC..G.C	GR,AD
BDEC.BFGC....AA...AA	AL,AL
.DG.EB...CBFAAC..AA.	FU,AL
D.E.CBFG.CB.AA...AA.	AL
BD.GCBAA.C.AA.E.F...	FL,AD
.DEC.B.GC.B.AA..FAA.	FL,AL
F.DC.GE.C.B.AA.B.AA.	AL
.D.E...AAGB.AACBF..C	AD,BU,FL,AL
B.D.EB..GC.FAAC..AA.	FU,AL
.DEC..FGC..BAA..BAA.	BL,AL
BDE..BFG..AA..CAA..C	AR
B..DEBF.G.AA.C.AA.C.	AR
B.DE.BF.GC..AAC..AA.	AL
.D.EC..G.CB.FAAB..AA	GU,FU,AL,AL
D.C.GF.C..BEAA.B.AA.	EU,AL
BDE..BF.GC..AAC..AA.	AL
BD.ECBFG.C...AA...AA	AL,AL
BD.C.B.EC..F.AAG..AA	FU,AL,AL
...E.FDAA.BGAACB...C	DU,AD,GU,AL
BD.ECBF.GCAA...AA...	AR
.D.EC..G.CBFAA.B.AA.	FU,AL
BD..EBFGC.AA.C.AA...	AR
D.EC.F.GC.B..AAB..AA	AL,AL
BD.ECBFG.C...AA...AA	AL,AL
BDE.CB.G.C.F.AA...AA	FU,AL,AL
..EC..FGC.DB.AA.B.AA	DU,BL,AL,AL
BDE.CBFG.CAA...AA...	AR
.DE..FBG.C.BAAC..AA.	DL,BU,AL
BFDE.B.G..AA.C.AA.C.	AR
.DE..BFG.CB.AAC..AA.	AL
B.EG.BDFC.AA.C.AA...	AR
.FE.CD..GCB.AA.B.AA.	AL
BD.EGBAA.C.AAFC.....	AD
BD..EBF..GAA..CAA..C	AR
BDEC.BF.C.AAG..AA...	GU,AR
B.E.CBD..CAAF..AA.G.	FU,AR
B..ECBDF.CAA..GAA...	AR
BDE..BF.GC..AAC..AA.	AL
..E.CDGAAC.BAA.FB...	AD,GR,BU,BU,AL
BDE.CBF..CAA...AAG..	GR,AR
BDEC.B.FC.AA...AAG..	GR,AR
DFEC.B.GC.B.AA...AA.	AL
..GEC....CFB.AADB.AA	BU,BU,AL,AL
...G.E.AACBDAACB.F..	DU,DU,AL,FR,AD
BD.ECBF.GC..AA...AA.	AL
BFD.EB....AA..CAAG.C	GR,AR
GE...B.D.CB.AAC.FAA.	FL,AL
.DE.C...GCBFAA.B.AA.	FU,AL
BDE..BFG..AA..CAA..C	AR
.DE.CB.G.CBFAA...AA.	FU,AL
.DE.CB.G.CBFAA...AA.	FU,AL
BDEC.BF.C.AAG..AA...	GU,AR
BD.ECBF..CAAG..AA...	GU,AR
.DE.CB.G.CBFAA...AA.	FU,AL
B..ECBDG.C.F.AA...AA	FL,AL,AL
BD.ECBF.GCAA...AA...	AR
DG.C...EC.BFAA.B.AA.	FU,AL
.BDE..B..FAAGC.AA.C.	GU,AR
BDE..BFG..AA..CAA..C	AR
B.FG.B.DC.AA.CEAA...	AR
.DE.CBFG.CB..AA...AA	AL,AL
B.DE.BF...AA.GCAA..C	AR
D.EC.B.GC.BFAA...AA.	FU,AL
BDFE.B.G.C..AAC..AA.	AL
BDE..BF.GCAA..CAA...	AR
BDE..BFGC.AA.C.AA...	AR
B.D..BFE..AA..CAAG.C	GR,AR
B.DC.BFEC.AAG..AA...	GR,AR
B.D.EB...CAAFGCAA...	FU,AR
BDE.CB.G.C.F.AA...AA	FU,AL,AL
BDE.CB...C.GAA..FAA.	GU,FL,AL
BDEC.B.FC.AA.G.AA...	AR
.DEC.B.GC.BF.AA...AA	FU,AL,AL
BDE.CB.G.C.F.AA...AA	FU,AL,AL
BDE.CBF..CAA...AAG..	GR,AR
.DE.CBF.GCB.AA...AA.	AL
BE..CBD..CF.GAA...AA	GU,AL,AL
.DG.C...ECB..AABF.AA	BU,AL,FL,AL
BEG.CB...CFDAA...AA.	DU,AL
.DGC..EFC..BAA..BAA.	BL,AL
..D.EBFG..B.AAC..AAC	AL
BD...BFEC.AAGC.AA...	EU,GU,AR
BD..CB.EGC...AAF..AA	AL,AL
..DEC.F.GC.BAA..BAA.	BL,AL
D...CB.GECBF.AA...AA	FU,AL,AL
BDE.CB.FGCAA...AA...	AR
...ECBFD.CB.AA...AAG	AL
BDE..BF.GCAA..CAA...	AR
BFDC.B.GCEAA...AA...	AR
.DE...FG..B.AACB.AAC	AL
BD.E.B.F..AAGC.AA.C.	FU,GU,AR
B.EC.BD.C.AAF..AA..G	FU,AR
.F.D.EAAGCBAA.CB....	AD
BDE..BFG..AA..CAA..C	AR
BD.E.BFG.CAA..CAA...	AR
BD..CBFEGC..AA...AA.	AL
BDE.GB...CAAF.CAA...	FU,AR
BDEC.B..C..G.AA.F.AA	GU,AL,FL,AL
B.DECBFG.CAA...AA...	AR
B..ECBDGFC..AA...AA.	AL
.DEC.B.GC.B.AA..FAA.	FL,AL
.DE..B.FGCB.AAC..AA.	AL
BE..FBD.C.AA.C.AAG..	GR,AR
BD..EBF.C.AA.C.AAG..	GR,AR
..EC.B.DC.BG.AAF..AA	GU,AL,AL
.D.EC....CBG.AABF.AA	BU,GU,AL,FL,AL
..DE...G.CBFAACB.AA.	FU,AL
BDE.CB.F.CAAG..AA...	GR,AR
BDEC.B.GC...FAA...AA	GL,FU,AL,AL
BDE.CB.G.C..AA..FAA.	FL,AL
DE...G....B.AACBFAAC	FU,FU,AL
B.DECBG..C..FAA...AA	FU,AL,AL
D.EC.B.GC.BFAA...AA.	FU,AL
B.D.CBF.EC.G.AA...AA	GL,AL,AL
BF.C.B.DCEAAG..AA...	GR,AR
BFDC.B..C.AA...AAG.E	GR,AR
B.DGCBFE.CAA...AA...	AR
D.EC.BFGC.B..AA...AA	AL,AL
BD.C.BFEC...AA...AAG	AL
.B.G..B.E.AADC.AAFC.	DU,CR,FR,AR
BD.E.B..GC.FAAC..AA.	FU,AL
DFEC.B.GC.B.AA...AA.	AL
.DEC.B..C.B..AAF.GAA	GU,GU,AL,AL
.D.GEB.F..B.AAC..AAC	AL
.DE.CB.G.CB.FAA...AA	GL,FU,AL,AL
B..E.BFDG.AA..CAA..C	AR
BDE..BF..CAAG.CAA...	GU,AR
BDEFGB....AA..CAA..C	AR
BD.E.BF..CAA.GCAA...	AR
BD.CEB..C.AAF..AA.G.	FU,AR
...EC..DGCBF.AAB..AA	FU,AL,AL
B.E.CBD..CAA.F.AA..G	AR
BDG.CB..EC.FAA...AA.	FU,AL
BDE.CB.FGC..AA...AA.	AL
.D.ECBFG.CB.AA...AA.	AL
BD...B.F.CAAGECAA...	FU,GU,AR
BDE..BF.GCAA..CAA...	AR
.FE.CD..GCB.AA.B.AA.	AL
....D..FGEB.AACB.AAC	AL
BDEC.BG.C...AA..FAA.	FL,AL
BFD..B.EG.AA..CAA..C	AR
BDE..B.F.CAA..CAAG..	GR,AR
BD.ECBF.GCAA...AA...	AR
BDE..B..CGAAFC.AA...	FU,AR
.DG.EB.F.CB.AAC..AA.	AL
D.E..F.G.C.BAAC.BAA.	BL,AL
BD.E.BFG.CAA..CAA...	AR
BDE..B..C.AAFC.AAG..	FU,GR,AR
B.EC.BDFC.AAG..AA...	GR,AR
BFDECB..GC..AA...AA.	AL
DFE...G..CB.AACB.AA.	AL
B.EC.BDGC..F.AA...AA	FL,AL,AL
BDE..BF.GC..AAC..AA.	AL
BDE..B.FC.AA.C.AA.G.	AR
BD...B.EF.AA.C.AAGC.	CR,GR,AR
BFD.CB.E.C...AA..GAA	GL,AL,GL,AL
.DE..F.G...BAAC.BAAC	BL,AL
.DE.CB..GCBF.AA...AA	FU,AL,AL
BD.G.BF..CAA.ECAA...	AR
BF...B.D.CAAE.CAA..G	ER,AR
D.E..FAAGCBAA.CB....	AD
B..D.BFG.EAA.C.AA.C.	AR
.D.GC..FECB..AAB..AA	AL,AL
.DEC..BGC..BAA.F.AA.	BL,AL
BD..EBFG....AAC..AAC	AL
B.CE.BFCD.AA.G.AA...	AR
DE.C..BGC..B.AA.F.AA	BL,AL,FL,AL
D.E.C.F..CBG.AAB..AA	FU,GU,AL,AL
B.DE.B.FC.AAGC.AA...	FL,GU,AR
BDE..BF...AAGC.AA.C.	GU,AR
B.EC.BDGC...AA..FAA.	FL,AL
BD.E.B..F.AAC.GAAC..	CR,AR
....C.GDECBFAA.B.AA.	GU,FU,AL
BDE.CB...CAAFG.AA...	FU,AR
..FECDB.GC.BAA...AA.	BU,AL
BDE..BF..CAAG.CAA...	GU,AR
.DE.CB.G.CBFAA...AA.	FU,AL
.DE.CBFG.CB..AA...AA	AL,AL
..DECFAAGCBAA..B....	AD
BFD.EB..GCAA..CAA...	AR
BDE.CBF..C..GAA...AA	GU,AL,AL
BDG..BF.CEAA.C.AA...	AR
BD..CBFEGCAA...AA...	AR
D.E.CB.G.CBF.AA...AA	FU,AL,AL
BDGECB.F.C...AA...AA	AL,AL
BD.ECBFG.C...AA...AA	AL,AL
.D.C..FEC.BGAA.B.AA.	FL,GU,AL
D.EC.BFGC.B..AA...AA	AL,AL
B.DE.BF...AACG.AAC..	GU,CR,AR
BDE..B.FC.AA.C.AA.G.	AR
.DE.CF.G.CB..AAB..AA	AL,AL
DE..C.F..CB.GAAB..AA	GU,AL,AL
BDE.CBF..C..GAA...AA	GU,AL,AL
D..E...G.CBFAACB.AA.	FU,AL
.DEC.B.GC.BF.AA...AA	FU,AL,AL
..DE.BF.G.B.AAC..AAC	AL
BDEC.BFGC....AA...AA	AL,AL
DGE...AAC.BAAC.B.F..	FR,AD
BD.C.BFECGAA...AA...	AR
BE...BDCF.AAC..AA.G.	CU,AR
B...EBDG.C..AAC.FAA.	FL,AL
.D.ECBFG.CB.AA...AA.	AL
...D.BEGFCB.AAC..AA.	AL
BD.E.BF.C.AAGC.AA...	GU,AR
BD..CBF..CAAEG.AA...	EU,AR
BD..EB....AAFCGAA.C.	FU,AR
D.EC..FGC.B.AA.B.AA.	AL
.D.ECBG..CB..AA.F.AA	AL,FL,AL
BDE..BF.GCAA..CAA...	AR
..E.C.DG.CBFAA.B.AA.	DU,FU,AL
BDE.CBFG.CAA...AA...	AR
BD..CB..ECG.FAA...AA	FU,AL,AL
B.E..BDG.CAAF.CAA...	FR,AR
B.DE.BF.C.AA.C.AAG..	GR,AR
BD.ECBFG.C...AA...AA	AL,AL
BD.G.B.F.CAA..CAA.E.	AR
BD...BF..CAA.GCAAE..	ER,AR
BD.E.BF...AA..CAA.GC	AR
.BE...BFGC.DAAC..AA.	DL,AL
BDE..BF.GCAA..CAA...	AR
BDE..BFGC.AA.C.AA...	AR
D.EC..FGC.B.AA.B.AA.	AL
DE.C.BFGC.B.AA...AA.	AL
BF...B.DC.AA.C.AAG.E	GR,AR
B.D..BF...AAE.CAA.GC	EU,AR
BE...BDFC.AAGC.AA...	FU,GU,AR
B.D..BFE.GAA..CAA..C	AR
..D.CBF.ECB.GAA...AA	GU,AL,AL
BFD..B.E.CAA.GCAA...	AR
BDE.CBF..C..GAA...AA	GU,AL,AL
BDFECB..GC..AA...AA.	AL
..DE....G.BFAACB.AAC	FU,AL
DE...B..GCBFAAC..AA.	FU,AL
.DE.CB.G.CBFAA...AA.	FU,AL
BDEC.BF.C.AA...AA.G.	AR
BDFE.B....AAG.CAA..C	GU,AR
.B.E..B.F.AAD.CAA.GC	DU,AR
..DECF.G.C.BAA..BAA.	BL,AL
BDE..B.FG.AA..CAA..C	AR
BD.C.B.FCEAAG..AA...	GR,AR
D.F.C....CB.EAAB.GAA	BU,EU,GL,AL,GL,AL
BDE..B.G.C.FAAC..AA.	FU,AL
DE....FG..B.AACB.AAC	AL
BF...B.D.EAAGC.AA.C.	DU,GU,AR
D..GC...ECBFAA.B.AA.	FU,AL
E....BDG..B.AAC.FAAC	FL,AL
B...DBE...AA.FCAAG.C	GR,AR
BD.C.BGEC..FAA...AA.	FL,AL
BD.E.BFC..AAC..AA..G	CU,AR
BD...B.EGCAA.FCAA...	AR
BE.C.BD.C.AA.F.AAG..	GR,AR
BDEC.B.FC.AA...AAG..	GR,AR
.B.F..B.C.AAEC.AAG.D	EU,GR,AR
BDEC.B..C.FG.AA...AA	GU,AL,AL
.DEC..FGC.B..AAB..AA	AL,AL
....CDFEGCB.AA.B.AA.	AL
B.G.EBD..CAA..CAAF..	FR,AR
BDE..BF.C.AA.C.AAG..	GR,AR
BD...BFE.CAA..CAAG..	GR,AR
BDEC.BF.C.AAG..AA...	GU,AR
BDGECBF..CAA...AA...	AR
BDE.CBFG.CAA...AA...	AR
BDEC.B..C..FGAA...AA	FU,GU,AL,AL
F.DE.B.G.CB.AAC..AA.	AL
BDE.CBF.GC...AA...AA	AL,AL
BDF.EB..C.AA.C.AAG..	GR,AR
DE.F.B....BGAAC..AAC	GU,AL
BDE.CBFG.CAA...AA...	AR
D.E.C...GCB.AA.BFAA.	BU,FL,AL
D..EC.BG.C.B.AA..FAA	BU,FL,AL,FL,AL
BD.FCBAAGC.AA.E.....	AD
.FDE..B.G..BAAC..AAC	BL,AL
.DE.C.FG.C.B.AA.B.AA	BL,AL,AL
BD.ECB..GC...AA..FAA	FU,FU,AL,AL
DE.C.BFGC.B.AA...AA.	AL
BDE..BF.GCAA..CAA...	AR
..DC.BGEC.B.AA.F.AA.	AL
.DEC.F.GC.B.AA.B.AA.	AL
FDGEC....CB.AA.B.AA.	AL
BD.E.BF.C.AAGC.AA...	GU,AR
D..GE.F..CB.AACB.AA.	AL
.DEC.B.GC.B.AA..FAA.	FL,AL
BDE..B..FCAA..CAA.G.	AR
BDE.CBF..CAA.G.AA...	AR
D...CGAA.CBAAE.BF...	FR,FR,AD
BDE.CB.F.C...AAG..AA	AL,AL
BFDE.B....AA..CAA.GC	AR
DE...B..GCBFAAC..AA.	FU,AL
BD..CBFGECAA...AA...	AR
B.DE.BF.C.AA.C.AAG..	GR,AR
DE.C.B.GC.B.AA..FAA.	FL,AL
B.D..BFE..AA..CAAG.C	GR,AR
.G.DCF.E.CB.AA.B.AA.	AL
DFEGC.B..C.BAA...AA.	BL,AL
D..GC...ECB..AABF.AA	BU,AL,FL,AL
B.DG.B.AAE.FAAC....C	AD,FU,AL
BDEC.B.FC.AA.G.AA...	AR
.DE.C...GCFBAA..BAA.	FU,BL,AL
..EC.DBGC..BAA.F.AA.	BU,AL
.E.GCD...CBFAA.B.AA.	FU,AL
BD...BF...AAE.CAAG.C	EU,GR,AR
BD.E.BF.C.AA.C.AA.G.	AR
.DEC...GC.BFAA.B.AA.	FU,AL
.DE.CBG..CB.AA..FAA.	FL,AL
DG..EF.AACB.AACB....	AD,AL
BD.E.B.F.CAAG.CAA...	GR,AR
.DE.CB..GCBF.AA...AA	FU,AL,AL
BE..CBD.GCF..AA...AA	AL,AL
.E.C.FDGC..B.AA.B.AA	BL,AL,AL
D..GCB.F.CB..AA.E.AA	AL,EL,AL
D.EC.BFGC.B..AA...AA	AL,AL
BDEC.B.FC.AA...AAG..	GR,AR
BD..EBFGC.AA.C.AA...	AR
BD...BF.ECAA..CAA.G.	AR
.DEC.B.GC.B..AAF..AA	AL,AL
BD.GEB.AA..FAAC....C	AD,FU,AL
BDF..B....AAGECAA..C	GU,AR
.DEC..FGC.B..AAB..AA	AL,AL
BD.ECBF..CAAG..AA...	GU,AR
FD....G.ECB.AACB.AA.	AL
.D..E.FG.C.BAAC.BAA.	BL,AL
.DGE....F.B.AACB.AAC	AL
.DE..B..G.B.AAC.FAAC	FL,AL
BDE..BFG..AA..CAA..C	AR
BD..CBF.EC...AA.G.AA	AL,GL,AL
E.GC.B.DC.B.FAA...AA	DL,FU,AL,AL
BDE..BF.GCAA..CAA...	AR
B..DCBF..CAAGE.AA...	GU,AR
...FDBAA.CBAA.C...GE	AD
D..E.BF.G.B.AAC..AAC	AL
B.EC.BD.C..F.AA..GAA	FL,GU,GU,AL,AL
D..E.B.FGCB.AAC..AA.	AL
DE..CG...CB..AAB.FAA	FU,FU,AL,AL
B...CBDEGCAA.F.AA...	AR
.D.GCB.E.CBF.AA...AA	FU,AL,AL
.DEC..FGC.B..AAB..AA	AL,AL
BDE..BFGC.AA.C.AA...	AR
BDEC.BF.C.AA...AA.G.	AR
BDE.CB.F.CAAG..AA...	GR,AR
D..C..BEC..BGAAF..AA	BU,EU,GU,AL,AL
BD.E.BFG.CAA..CAA...	AR
.DEC..FGC.B..AAB..AA	AL,AL
.DEC.BG.C.BFAA...AA.	BU,FL,AL
BDGE.BF.C.AA.C.AA...	AR
.D.ECB.F.CB..AA..GAA	GL,AL,GL,AL
B.DECB...CAA.FGAA...	AR
.DE.CBF.GCB.AA...AA.	AL
BD.E.B..G.AAF.CAA..C	FU,AR
BDE.GBF..CAA..CAA...	AR
...ECBFDGCB..AA...AA	AL,AL
BE..CBD..C.G.AAF..AA	GL,AL,AL
BD..CB.E.C.FGAA...AA	EU,FU,GU,AL,AL
B.G.EBFD.CAA..CAA...	AR
B.EGCB.D.CAA...AA.F.	AR
...DE.BFG..BAAC..AAC	BU,AL
E...C.DG.CBFAA.B.AA.	DU,FU,AL
BF...B.D.EAAGC.AA.C.	DU,GU,AR
.DEC..FGC.B..AAB..AA	AL,AL
BDEC.BF.C.AAG..AA...	GU,AR
B.E.DB..GCAA.FCAA...	AR
BDEC.BF.C.AAG..AA...	GU,AR
BD...BFGC.AA.CEAA...	AR
..E.CBDG.CBF.AA...AA	BU,FL,AL,AL
BD.ECB.G.C.FAA...AA.	FU,AL
BD..EBFGC.AA.C.AA...	AR
DGE..B.AACB.AAC.F...	AD,FL,AL
B.DE.BFC..AAC..AA.G.	CR,AR
.DE..BFG.CB.AAC..AA.	AL
.DE.CB.G.CBFAA...AA.	FU,AL
F..DC.B.EC.BAA...AAG	BU,AL
...C.DE.C.BFGAAB..AA	EU,FU,GU,AL,AL
B.EC.BD.C.AAFG.AA...	FU,AR
D...C.E.GCBF.AAB..AA	EU,FU,AL,AL
BDC..BFC.EAA..GAA...	AR
BDE.CB.G.C.F.AA...AA	FU,AL,AL
.DE..BFG.CB.AAC..AA.	AL
BD.E.BFG..AA.C.AA.C.	AR
D..GC.E..CB..AABF.AA	BU,AL,FL,AL
B.GECB.D.CAAF..AA...	FR,AR
BDE.CBF..CAA.G.AA...	AR
BD.ECBF.GCAA...AA...	AR
DG.C.FBEC..BAA...AA.	GR,BU,AL
BDE..B.G.C.FAAC..AA.	FU,AL
BE...BD.FCAA..CAA.G.	AR
BDE..BFG....AAC..AAC	AL
.DE.CBFG.CB..AA...AA	AL,AL
BDE..BFG..AAC..AAC..	CR,AR
.D.C.B.EC.B.FAA..GAA	EU,FU,GL,AL,GL,AL
B.DC.B.FCEAA...AAG..	GR,AR
..EGC.DF.CB.AA.B.AA.	AL
BDE..BFGC.AA.C.AA...	AR
BDE.CBFG.CAA...AA...	AR
B..G.BDF.CAA..CAAE..	ER,AR
DEG.C....CBFAA.B.AA.	FU,AL
.BE.C.BG.CF.AA..DAA.	DL,AL
.DEC.B.GC.BF.AA...AA	FU,AL,AL
D..EC.GB.C..BAAF..AA	BU,AL,AL
D..C..GEC.B.AA.BFAA.	BU,FL,AL
BD.E.B...CAAF.CAAG..	FU,GR,AR
.DEC....C.BFGAAB..AA	FU,GU,AL,AL
BDE..BF.GCAA..CAA...	AR
.DE.CBF.GCB.AA...AA.	AL
BG.ECBDF.C...AA...AA	AL,AL
BDE..BF.GCAA..CAA...	AR
DF.C.B.EC.B..AA..GAA	GL,AL,GL,AL
.DE..G.AACB.AACBF...	AD,FU,FU,AL
D.E..B.G.CBFAAC..AA.	FU,AL
BD.C.BFEC.AA...AAG..	GR,AR
BD.E.BF.G.AA..CAA..C	AR
....C...GCBFEAABD.AA	BU,FU,EU,AL,DL,AL
BD.E.BFG.CAA..CAA...	AR
.DE.CBG..CB..AAF..AA	AL,AL
D.EG..F..CB.AACB.AA.	AL
D.EC.BFGC.B..AA...AA	AL,AL
.DEC.BF.C.B.GAA...AA	GU,AL,AL
BD...BFEC.AA.C.AA.G.	AR
BDE..B.FC.AAGC.AA...	FL,GU,AR
BD...BFEC.AAGC.AA...	EU,GU,AR
BD.E.BFG..AA.C.AA.C.	AR
BD...BFE.CAA..CAAG..	GR,AR
BDFE.BAAG..AA.C....C	AD
BDEC.B..C..F.AA.G.AA	FU,AL,GL,AL
BDE.CBF..CAA...AAG..	GR,AR
BDEC.B.GC...AA.F.AA.	AL
..EC.BD.C.BFAA.G.AA.	BU,FL,AL
D.E.CBFG.CB.AA...AA.	AL
D.F.GBAA..BAACE...C.	AD
.B.DC.BE.CAAF..AAG..	FR,GR,AR
D..C.E..C.BFGAAB..AA	FU,GU,AL,AL
BDEC.BF.C.AA...AA.G.	AR
BDE..BF...AAGC.AA.C.	GU,AR
..DEC.B..C.B.AAG.FAA	BU,FU,FU,AL,AL
BDE..BF..CAAG.CAA...	GU,AR
BD.C.BGEC....AA.F.AA	AL,FL,AL
BDE.CBF..CAA.G.AA...	AR
B...CBDFECAA.G.AA...	AR
....CDBE.C.BFAA..GAA	BU,EU,FU,GL,AL,GL,AL
F.BCEG.BC..D.AA...AA	DU,AL,AL
BDEFCB...C...AA..GAA	GU,GU,AL,AL
BDE.CBF..CAA.G.AA...	AR
..EC.BD.C.B.FAA..GAA	FU,GL,AL,GL,AL
B.DECBG..C..AA.F.AA.	AL
.DEC.B.GC.BF.AA...AA	FU,AL,AL
.DEC.F.GC.B.AA.B.AA.	AL
B.G..BDFECAA..CAA...	AR
DE...F..GC.BAAC.BAA.	BL,AL
...E.GFD.CB.AACB.AA.	AL
BD..EBF.GCAA..CAA...	AR
BDE.CB.F.CAA...AA.G.	AR
B..E.B.DGCAA.FCAA...	AR
BFD..B..E.AA.GCAA..C	AR
BGFDEB..C.AA.C.AA...	AR
BD.ECB..GC.F.AA...AA	FU,AL,AL
.D.E..FG.CB.AACB.AA.	AL
BFDE.B..G.AA..CAA..C	AR
.DE.CB.G.CBFAA...AA.	FU,AL
B.D..BF.ECAA.GCAA...	AR
.D..CBG..CBE.AA.F.AA	BU,EL,AL,FL,AL
BDEG.B.AACF.AAC.....	AD,AL
.DE..BFG.CB.AAC..AA.	AL
B..G.BFDE.AAC..AAC..	CR,AR
DF.E.B..GCB.AAC..AA.	AL
D.EC.B.GC.BFAA...AA.	FU,AL
D.E..BF..GB.AAC..AAC	AL
BD.ECBF.GC..AA...AA.	AL
BE...B.FD.AAG.CAA..C	GR,AR
BD.ECBF.GC..AA...AA.	AL
BDE..B.AAC.FAAC...G.	FL,AL,AD
DFE.C..G.CB.AA.B.AA.	AL
BDE..B.F..AAG.CAA..C	GR,AR
B..ECBFDGC..AA...AA.	AL
BD.ECBF.GC..AA...AA.	AL
.BD.E.B..GAAF.CAA..C	FU,AR
BFD..B.G..AAC.EAAC..	CR,AR
BD.ECBFG.C...AA...AA	AL,AL
..G.EBD...BFAAC..AAC	BU,FL,AL
BDEC.BF.C.AAG..AA...	GU,AR
BDEC.BG.C...AA..FAA.	FL,AL
B..ECBDF.CAAG..AA...	GR,AR
BDEC.BFGC....AA...AA	AL,AL
BD.GCB.FEC...AA...AA	AL,AL
BD.E.BFG.CAA..CAA...	AR
.D.E...G..BFAACB.AAC	FU,AL
BD.E.BFG.CAA..CAA...	AR
BDE..BF.C.AA.C.AAG..	GR,AR
.DE.CBF.GCB.AA...AA.	AL
BDE..BF.GCAA..CAA...	AR
BDEG.B.F.CAA..CAA...	AR
...CEF.DC..BAAG.BAA.	BL,AL
BD...B.FGCAA.ECAA...	AR
BDE.CBF..CAA...AAG..	GR,AR
.DE..BF.G.B.AAC..AAC	AL
BDE..BF.GC..AAC..AA.	AL
BD.E.BF.G.AAC..AAC..	CR,AR
D.EC.B.GC.BFAA...AA.	FU,AL
BG.E.BDF.CAA..CAA...	AR
D.E.CBFG.CB.AA...AA.	AL
.DEC.BF.C.B.GAA...AA	GU,AL,AL
BD...BF.GEAAC..AAC..	CR,AR
BD..EBF..CAAG.CAA...	GU,AR
.DGEC....CBF.AAB..AA	FU,AL,AL
DE.C..FGC..BAA..BAA.	BL,AL
BD.E.B.F..AA..CAAG.C	GR,AR
F.D.E.AA..BAA.CB..GC	AD
BE...BDG....AAC.FAAC	FL,AL
.B.D..BEGC..AAC.FAA.	FL,AL
BD.E.BF.G.AAC..AAC..	CR,AR
BD.C.BFEC.G..AA...AA	AL,AL
DFE.C.BG.C.BAA...AA.	BL,AL
BDE..BFGC.AA.C.AA...	AR
BD..EBFGC.AA.C.AA...	AR
BD.E.BF...AA.C.AAGC.	CU,GR,AR
BDE..BFG....AAC..AAC	AL
D.EC.FG.C..B.AA.B.AA	BL,AL,AL
.D..E.FG.C.BAAC.BAA.	BL,AL
BDE..B.FG.AA..CAA..C	AR
D.E.CB.G.CBF.AA...AA	FU,AL,AL
BDE.CB.G.CAA..FAA...	AR
.D.E..FG.CB.AACB.AA.	AL
BD...B.FE.AA.C.AAGC.	CR,GR,AR
DE...BG..CB.AACF.AA.	AL
D....B.EG.B.AAC.FAAC	FL,AL
.DE.C.FG.CB.AA.B.AA.	AL
BD..EBFG..AA..CAA..C	AR
BD.E.BF..CAA..CAAG..	GR,AR
BDE.CB.G.C.F.AA...AA	FU,AL,AL
BFG..B.AAE.DAAC....C	AD,DU,AL
BD.G.BFE..AA.C.AA.C.	AR
BDE..B.G.C..AACF.AA.	AL
BDEC.BFGC....AA...AA	AL,AL
BG..EBF.D.AA.C.AA.C.	AR
.D..EBFG.CB.AAC..AA.	AL
DFEC.B.GC.B.AA...AA.	AL
....G.FD.EB.AACB.AAC	AL
BDFE.B....AA..CAA.GC	AR
.DEC.BG.C.BFAA...AA.	BU,FL,AL
B.DCEBFGC.AA...AA...	AR
BD...BF.E.AAGC.AA.C.	GU,AR
D.E..BFG..B.AAC..AAC	AL
.DC.EB.C..BFAA...AAG	FU,AL
.DFECBAA.CBAAG......	AD
DF.C...EC.B.GAAB..AA	EU,GU,AL,AL
BD.E.BFG..AA.C.AA.C.	AR
DE..CFG..CB.AA.B.AA.	AL
D.E.C....CBFGAAB..AA	FU,GU,AL,AL
.E..C..DGCB.AA.BFAA.	BU,FL,AL
BD.ECB.G.C..FAA...AA	GU,FU,AL,AL
BD..CBFEGCAA...AA...	AR
B.D.CB.F.CAAGE.AA...	FL,GU,AR
BDE..B.FC.AAGC.AA...	FL,GU,AR
.D.EGBFAA.B.AAC....C	AD,AL
BDE..B.FC.AAGC.AA...	FL,GU,AR
B.DC.B.FCEAA.G.AA...	AR
BD.C.BFEC.AA.G.AA...	AR
BDG..BF.ECAA..CAA...	AR
DF.EC..G.C.BAA..BAA.	BL,AL
B..DEBF.GCAA..CAA...	AR
D.EC.BFGC.B..AA...AA	AL,AL
DG.C.B.EC.B.AA..FAA.	FL,AL
BFDC.B.EC....AA.G.AA	AL,GL,AL
B.D..BFE.CAAG.CAA...	GR,AR
BD...BG.EC..AAC.FAA.	FL,AL
B...CBDGEC.FAA...AA.	FL,AL
BDE.CBF..CAA...AAG..	GR,AR
.FE.CD..GC.B.AA.B.AA	BL,AL,AL
.DEC.B.GC.BF.AA...AA	FU,AL,AL
....D..G.EB.AACBFAAC	BU,FL,AL
B.D..B.FE.AAGC.AA.C.	FL,GU,AR
.DG.EB...CBFAAC..AA.	FU,AL
.D.ECB..GCBFAA...AA.	FU,AL
DE.C.F.GC.B.AA.B.AA.	AL
B.DC.BF.CEAAG..AA...	GU,AR
.DE.CB...CBF.AA.G.AA	FU,AL,GL,AL
.D.E.BF.GCB.AAC..AA.	AL
.DG.CF..ECB.AA.B.AA.	AL
.DEC....C.BFGAAB..AA	FU,GU,AL,AL
BDE..B.G.C.FAAC..AA.	FU,AL
BDE.CBFG.CAA...AA...	AR
BE.C.BD.C....AA.FGAA	FL,GU,GU,AL,AL
B.E..BD..CAAF.CAA..G	FU,AR
BDEC.B.FC.AA...AA..G	AR
BDFE.B...CAA..CAAG..	GR,AR
D...C..EGCFBAA..BAA.	FU,BL,AL
B.EC.BDFC.AAG..AA...	GR,AR
B..C.BDEC..FGAA...AA	EU,FL,GU,AL,AL
BDGECBAAFC.AA.......	AD
B.D.CBFE.CAA.G.AA...	AR
BD..CBF..CAAEG.AA...	EU,AR
BDE.CBF..CAA.G.AA...	AR
B..D.B..FEAA.C.AA.CG	AR
BDE..BF..CAAG.CAA...	GU,AR
BD.C.BFEC.AA.G.AA...	AR
.DE.C.FG.CB.AA.B.AA.	AL
B.G.EBDF.CAA..CAA...	AR
D.EC.B.GC.BFAA...AA.	FU,AL
BDG.EBF..CAA..CAA...	AR
B.E..BDCF.AAC..AA..G	EL,CU,AR
BFD..BEG..AA..CAA..C	AR
.D....FGE.B.AACB.AAC	AL
B.DECBFG.CAA...AA...	AR
BD.ECB.G.C.FAA...AA.	FU,AL
.FDECB...CB.GAA...AA	GU,AL,AL
BD.GCB.E.CF..AA...AA	AL,AL
B...CBEF.CAA..DAA..G	AR
..EC.DFGC..BAA..BAA.	BL,AL
BDGE.B...CAA.FCAA...	AR
BDE.CBF..CAA...AAG..	GR,AR
D..E...AACB.AACBGF..	AL,BU,GL,FR,AD
B.DE.BF.GCAA..CAA...	AR
B...EBFD..AA..CAAG.C	GR,AR
.D..C.E..CBGAA.BFAA.	ER,BU,GU,FL,AL
BD..GBF.E.AA.C.AA.C.	AR
BDE..B.FC.AAGC.AA...	FL,GU,AR
DEGC...FC..BAA..BAA.	BL,AL
B.E..BD.GC..AACF.AA.	AL
.DEC.BFGC.B.AA...AA.	AL
BDE..BF..CAAG.CAA...	GU,AR
.D.C..FEC..B.AA.BGAA	EU,BL,GU,GU,AL,AL
.E.C.BDGC.B..AAF..AA	AL,AL
BD.C.B.EC.G.AA.F.AA.	AL
B....BFDGEAAC..AAC..	CR,AR
..EGC.D..CB.FAAB..AA	FU,AL,AL
B..D.BF.CEAAGC.AA...	GU,AR
B.D.EB...CAAFGCAA...	FU,AR
D.GECB..FCB.AA...AA.	AL
B..D.BFC..AACE.AAG..	CU,GR,AR
D.E..BFG..B.AAC..AAC	AL
BD.ECBFG.C...AA...AA	AL,AL
BD...BFE.CAA.GCAA...	AR
.D.G..BF.E.BAAC..AAC	BL,AL
BDG.CBFE.C..AA...AA.	AL
B...CBD.ECAAF.GAA...	FU,AR
BDE..BF.G.AA.C.AA.C.	AR
D.EC..FGC.B.AA.B.AA.	AL
BF.E.BG...AAD.CAA..C	DU,AR
.DGE.F...CB.AACB.AA.	AL
.DE.C....CB.GAABF.AA	BU,GU,AL,FL,AL
BDE.CB..FCAA.G.AA...	AR
BDE..BF.GC..AAC..AA.	AL
BDG..BF.EC..AAC..AA.	AL
D..C..FEC..BGAA.B.AA	EU,BL,GU,AL,AL
BDE..BF..CAAG.CAA...	GU,AR
.B.D..BFCEAAGC.AA...	FU,GU,AR
.D.ECB.G.CBF.AA...AA	FU,AL,AL
B...CBDEGC...AA.F.AA	AL,FL,AL
BDE..BF..CAAG.CAA...	GU,AR
DE.C.BFGC.B.AA...AA.	AL
BDE..BF.GCAA..CAA...	AR
.DEC..FGC.B..AAB..AA	AL,AL
BD.C.BFEC.AA.G.AA...	AR
.DE.C.FG.CB.AA.B.AA.	AL
B.D.CBFE.CAA...AAG..	GR,AR
..D.CBF.ECBGAA...AA.	BU,GL,AL
BDF.CB..ECAA...AA..G	AR
.AA..DAAE.FB.CG.B.C.	DU,FU,BL,AD,AD
B.E..BDFGC..AAC..AA.	AL
BDE..BF..CAAG.CAA...	GU,AR
B.FDEB....AAC..AAC.G	CR,AR
.DE..BFG.CB.AAC..AA.	AL
BDE.CBF..CAA...AAG..	GR,AR
..DE..F.GCB.AACB.AA.	AL
D..E.BF.G.B.AAC..AAC	AL
.FD..B.G..BEAAC..AAC	EU,AL
.DE.CBFG.CB..AA...AA	AL,AL
B.E.GBD.....AAC.FAAC	FL,AL
BDE..BF.C.AA.C.AAG..	GR,AR
.E..CBDF.CB..AA.G.AA	AL,GL,AL
..G..F.DEC.BAAC.BAA.	BL,AL
BD.E.BFG.CAA..CAA...	AR
..DEC...GCBFAA.B.AA.	FU,AL
BFD..BE..CAAG.CAA...	GU,AR
BDE.CBG..C...AA.F.AA	AL,FL,AL
F...GEDAA.B.AACB...C	AD,AL
BDGC.B..C..FAA...AAE	FU,AL
BDEC.BF.C.AA...AA.G.	AR
.D...BFGECB.AAC..AA.	AL
BDE..BF.C.AA.C.AAG..	GR,AR
D.E.CBFG.CB.AA...AA.	AL
...ECD...C.GBAA.FBAA	GU,BU,BU,AL,FL,AL
.F.D.BG.ECB.AAC..AA.	AL
.DE..B.FGCB.AAC..AA.	AL
B.GC.B.EC...DAA..FAA	EL,DU,FL,AL,FL,AL
D.GECBAA.CBAA...F...	FL,AD
.DE.C.FG.CB.AA.B.AA.	AL
BDE..BF..CAAG.CAA...	GU,AR
B..EGBDF..AA..CAA..C	AR
BE...B.D..AA.FCAAG.C	GR,AR
BDG..B.F.EAA.C.AA.C.	AR
FDE.C.G..C..BAA..BAA	BL,BL,AL,AL
B.DECBFG.CAA...AA...	AR
BF.D.BG.E.AA..CAA..C	AR
BDE..BF.GC..AAC..AA.	AL
BD.E.BF.C.AAGC.AA...	GU,AR
.DE..BFG.CB.AAC..AA.	AL
B.D..BF.ECAA.GCAA...	AR
D.EC...GC.BF.AAB..AA	FU,AL,AL
BDE..BFG....AAC..AAC	AL
B.D..BFE..AAGC.AA.C.	ER,GU,AR
.DE..BFG.CB.AAC..AA.	AL
BF.D.B..E.AA.C.AAGC.	CR,GR,AR
B..ECBD.GCAA.F.AA...	AR
BDEC.BF.C..G.AA...AA	GL,AL,AL
BDE..BF.GCAA..CAA...	AR
BDE..B.G.C.FAAC..AA.	FU,AL
BDE..BF.C.AA.C.AAG..	GR,AR
D.E.CBG..CBFAA...AA.	GU,FU,AL
.BE...B.GC.DAACF.AA.	DL,AL
BDE.CBFG.C..AA...AA.	AL
B.D..B.E..AA..CAAFGC	FU,FR,AR
BDE..BFG..AA..CAA..C	AR
D.EC..G.C.B..AABF.AA	BU,AL,FL,AL
D.EC..FGC..B.AA.B.AA	BL,AL,AL
.E..CDF..CB.AA.BGAA.	DU,BU,GL,AL
BDGE.BF...AAC..AAC..	CR,AR
.FE.CD...CBG.AAB..AA	GU,AL,AL
.GDC..FEC..BAA..BAA.	BL,AL
BD..CBFEGC..AA...AA.	AL
B....BDFECAAG.CAA...	GR,AR
BD...BFEC.AAGC.AA...	EU,GU,AR
.DEC...GC.BFAA.B.AA.	FU,AL
B.DECBFG.CAA...AA...	AR
BDE.CB.G.C.F.AA...AA	FU,AL,AL
BD.E.BG...F.AAC..AAC	AL
BDE..BFG....AAC..AAC	AL
BDE..BF..CAAG.CAA...	GU,AR
B.D.EBFG.CAA..CAA...	AR
.DEG.B...FB.AAC..AAC	AL
BD...BF.GEAA..CAA..C	AR
BDE..B.FC.AAGC.AA...	FL,GU,AR
D.E.CBFG.CB.AA...AA.	AL
B.G..B.FDCAAE.CAA...	ER,AR
.D.ECBG..CBFAA...AA.	BU,FL,AL
.....FDG.E.BAAC.BAAC	BL,AL
BDGE.BF.C.AA.C.AA...	AR
BDEC.B.FC.AA...AAG..	GR,AR
BFD.CB.GEC..AA...AA.	AL
BD.C.BFEC.AA.G.AA...	AR
.DEC.B.GC.BF.AA...AA	FU,AL,AL
B...CBDFECAA...AAG..	GR,AR
DEG..B.AA.BFAAC....C	AD,FU,AL
BDE..BF.GCAA..CAA...	AR
B...DBFG..AACE.AAC..	EU,CR,AR
B.DC.BF.C.AAEG.AA...	EU,AR
B.D..BFE..AA.GCAA..C	AR
BDE..BFG..AAC..AAC..	CR,AR
...GCDFAACBEAA.B....	FU,AD,EU,AL
......DGECB.AACBFAA.	BU,FL,AL
BD.C.B..C..FEAA.G.AA	FU,EU,AL,GL,AL
BD.E.BFG.C..AAC..AA.	AL
..E.CBDG.CB..AA..FAA	FL,AL,FL,AL
.D.ECBFG.CB.AA...AA.	AL
BDG..BF...AA.CEAA.C.	AR
.DE.C..G.CBF.AAB..AA	FU,AL,AL
BDE.CBG..C.FAA...AA.	FL,AL
.DE....G.CBFAACB.AA.	FU,AL
B.EG.BD.FC..AAC..AA.	AL
BE...BDF..AA..CAA.GC	AR
BD..EB.FG.AAC..AAC..	CR,AR
BDE..BFGC.AA.C.AA...	AR
BDE.CB.G.C.F.AA...AA	FU,AL,AL
BD..EB.F..AA.C.AAGC.	CU,GR,AR
BD...BFEC.AAGC.AA...	EU,GU,AR
BD...BFE.CAA.GCAA...	AR
..E.CDG..CB..AABF.AA	DU,BU,AL,FL,AL
.DE.CB.G.CBFAA...AA.	FU,AL
BD...BF.G.AA..CAAE.C	ER,AR
B.D..B.F.EAAC.GAAC..	CR,AR
BF.DCB.EGC...AA...AA	AL,AL
..C...EC..B.GAABDFAA	CR,BU,GU,GU,DL,FU,FU,AL,AL
B..D.BFCE.AAC..AA.G.	CU,AR
BD.E.BFG..AA.C.AA.C.	AR
BDE.CBF..CAA.G.AA...	AR
BD.E.B..G.F.AAC..AAC	AL
BD.ECBFG.C...AA...AA	AL,AL
BD.E.BFG.CAA..CAA...	AR
.DEC..FGC.B..AAB..AA	AL,AL
BD.E.BFG.CAA..CAA...	AR
BDE..BF..CAAG.CAA...	GU,AR
B...DBFEG.AA.C.AA.C.	AR
..DEC.FG.CB.AA.B.AA.	AL
BDEC.B..C..GFAA...AA	GU,FU,AL,AL
BDC..B.C..AAE..AAFG.	ER,GR,FR,AR
D.EC.BFGC.B..AA...AA	AL,AL
F.EC....C.DB.AA.BGAA	DU,BL,GU,GU,AL,AL
F...CD.E.CB.AA.BGAA.	GU,GU,AL
...ECBD..CBGAA.F.AA.	BU,GL,AL
BDE..BF.C.AA.C.AAG..	GR,AR
.D.ECBFG.CB.AA...AA.	AL
BDE..BF.GC..AAC..AA.	AL
BD.E.BFG.C..AAC..AA.	AL
BD.E.BFG..AA.C.AA.C.	AR
BD.ECBFG.C...AA...AA	AL,AL
.DE.C.FG.CB.AA.B.AA.	AL
.D.ECBFG.CB.AA...AA.	AL
BDE..B.G.C.FAAC..AA.	FU,AL
BDEC.BG.C.F.AA...AA.	AL
D.E...FG.CB.AACB.AA.	AL
BDEC.BF.C..G.AA...AA	GL,AL,AL
F.D.C.AA.CBAAE.B...G	AD
.DE.CBF.GCB.AA...AA.	AL
DFEC.B.GC.B.AA...AA.	AL
BFD.CB.E.CAA...AA.G.	AR
BE.G.BFD.C..AAC..AA.	AL
..F.E.BG.C.BAAC.DAA.	BU,DL,AL
BDGECBF..CAA...AA...	AR
DE.C...GC.F.BAA..BAA	GL,BU,BU,AL,AL
BDE.CBFG.CAA...AA...	AR
G.DC.B.EC.B.AA.F.AA.	AL
BD.E.BF.G.AA..CAA..C	AR
B....BD.FCAAGECAA...	GU,AR
.FD.CB..ECB.AAG..AA.	AL
B.FECBD..CAA...AAG..	GR,AR
BD...BFGE.AA..CAA..C	AR
D.E.C.G..CB.AA.BFAA.	BU,FL,AL
BD.E.BFG.CAA..CAA...	AR
BD.E.BF...AAG.CAA..C	GU,AR
BDE.CBFG.C..AA...AA.	AL
.DE..BFG.CB.AAC..AA.	AL
BD.E.B...CAAFGCAA...	FU,AR
BDEC.B.GC...FAA...AA	GL,FU,AL,AL
BD.C.BGEC..FAA...AA.	FL,AL
D..ECBFAACB.AA.G....	AD,AL
....C..GECDB.AA.BFAA	BU,BU,FL,AL,FL,AL
BD...BFG.EAA.C.AA.C.	AR
BD..CBF..CAAE..AA..G	EU,AR
BD.C.BFEC.AA...AAG..	GR,AR
.D..C.B.ECGB.AA.F.AA	DL,BU,AL,FL,AL
BDEC.BF.C.AA..GAA...	AR
B..DFB.E..AAG.CAA..C	GR,AR
DFGE..B....BAAC..AAC	BL,AL
BDEC.BFGC....AA...AA	AL,AL
D.EC..FGC.B.AA.B.AA.	AL
BDE..BF...AAGC.AA.C.	GU,AR
D.E.G....CBFAACB.AA.	FU,AL
BDE..BF...AAC..AAC.G	CR,AR
BGEC.B..C.AAD.FAA...	DU,AR
BDF..B..ECAA..CAA.G.	AR
BD.ECBF..CAAG..AA...	GU,AR
BFD..B...CAAE.CAA.G.	EU,AR
D..C.BG.C.BFEAA...AA	GU,FU,EU,AL,AL
FDB.CE.BGC..AA...AA.	AL
BDE..BFG..AA..CAA..C	AR
...C.BDEC.BG.AAF..AA	BU,GL,AL,AL
BDE..B.FC.AAGC.AA...	FL,GU,AR
D.E...FG.CB.AACB.AA.	AL
DE.C.BFGC.B.AA...AA.	AL
.GDC.B.EC.B..AAF..AA	AL,AL
BDE.CBG..C.FAA...AA.	FL,AL
.DEGC..F.CB..AAB..AA	AL,AL
BDE..BF..CAAG.CAA...	GU,AR
DE...B.G..BFAAC..AAC	FU,AL
DFE.C.G..CB..AAB..AA	AL,AL
B.E.DBF.C.AAGC.AA...	GU,AR
BF..EB...CAA..CAAD.G	DR,AR
D.EC..FGC.B.AA.B.AA.	AL
BDF.CB.E.CAAG..AA...	GR,AR
BD.C.BFEC.AA.G.AA...	AR
B..ECB.G.CD..AAF..AA	AL,AL
BD.E.BFG.C..AAC..AA.	AL
.E..CBDG.CB..AA.F.AA	AL,FL,AL
BDE..BF..CAAG.CAA...	GU,AR
B.E.CBDG.C.FAA...AA.	FL,AL
BDG..BF...AACE.AAC..	EU,CR,AR
BD.C.BFEC.AA.G.AA...	AR
.DEC...GC.B.FAAB..AA	GL,FU,AL,AL
BDE..BF.C.AA.C.AAG..	GR,AR
.DE.C.FG.CB.AA.B.AA.	AL
BDEC.BF.C.AAG..AA...	GU,AR
BD..CBF.GCAA.E.AA...	AR
BD.ECB...CAA.F.AAG..	GR,AR
.E..C.D..CB.GAABF.AA	BU,GU,AL,FL,AL
D....BE.G.BFAAC..AAC	EU,FU,AL
BDGE.BF.C.AA.C.AA...	AR
BDE..BFGC.AA.C.AA...	AR
BD.GCBFE.C...AA...AA	AL,AL
BDEC.B.FC.AA...AAG..	GR,AR
BD...BF...AA.GCAA.EC	AR
BFD.CBE..CAA...AA..G	AR
.EGC.DF.C..BAA..BAA.	BL,AL
B.DE.BG..C..AAC.FAA.	FL,AL
.D.EC.F.GCB.AA.B.AA.	AL
BDE.CBFG.C..AA...AA.	AL
BD..CBFE.CAAG..AA...	GR,AR
D.EC.B.GC.BFAA...AA.	FU,AL
BD.G.BF...AAC.EAAC..	CR,AR
BD...B..E.AA..CAAFGC	FU,FU,AR
..DEC.FG.CB.AA.B.AA.	AL
BDEC.BGFC....AA...AA	AL,AL
EG.C.BFDC.B.AA...AA.	AL
BDEGCBF..CAA...AA...	AR
BDE.CB.G.C.F.AA...AA	FU,AL,AL
B.D.EB...CAA.FCAA.G.	AR
BD.ECBFG.C...AA...AA	AL,AL
.DGE.F.AA.B.AACB...C	AD,AL
.D.G..FE.CB.AACB.AA.	AL
DE.GCB.F.CB.AA...AA.	AL
BD.C.BFEC.AA...AA..G	AR
...ECB...CB.FAAGD.AA	FU,AL,DU,DU,AL
B.GDCBF..C..EAA...AA	EU,AL,AL
B.E.CBDG.C.FAA...AA.	FL,AL
.DE.CBFG.CB..AA...AA	AL,AL
.D......ECBFAACB.AAG	FU,AL
BDE..B.F.CAA..CAA..G	AR
BD..CBG..CAA...AAEF.	EU,EU,AR
BD.C.B.EC..G.AAF..AA	GU,AL,AL
B..E.BF.D.AA.GCAA..C	AR
.DG.CBF.ECB.AA...AA.	AL
BE..CBDF.CAA...AA.G.	AR
..E..BD.GCB.AAC.FAA.	FL,AL
.D.EC.FG.CB..AAB..AA	AL,AL
D..ECB..GCBF.AA...AA	FU,AL,AL
.D.C.BGEC.B.AA..FAA.	FL,AL
D..C.BEGC.B.FAA...AA	GU,FU,AL,AL
D...CBFGECB.AA...AA.	AL
BD..CBFEGCAA...AA...	AR
D.EC.B.GC.BFAA...AA.	FU,AL
..D..F.GEC.BAAC.BAA.	BL,AL
BD...BG..EAA.C.AAFC.	CU,FR,AR
BDE..BF...AAGC.AA.C.	GU,AR
BDE..BF...AAC..AAC.G	CR,AR
B.E..B.DC.AAGC.AAF..	DL,GU,FR,AR
..E.CDG..CBFAA.B.AA.	GU,FU,AL
D.E.CBFG.CB.AA...AA.	AL
DF...B.GECB.AAC..AA.	AL
.D.....G.EBFAACB.AAC	FU,AL
.DEC..FGC.B..AAB..AA	AL,AL
D...CB.EGCBF.AA...AA	FU,AL,AL
.D.ECBF.GCB..AA...AA	AL,AL
B.DECBF..CAA...AAG..	GR,AR
BD.ECB.G.C..AA.F.AA.	AL
BD..CB...C.EGAAF..AA	EU,GU,AL,AL
BDG.CB.FECAA...AA...	AR
BD.ECBFG.C...AA...AA	AL,AL
B.DFEB..GC..AAC..AA.	AL
BDEG.BFAAC..AAC.....	AD,AL
DF.GE.BAAC.BAAC.....	BL,AD,AL
BDE.CB..FCAA...AAG..	GR,AR
.E.C.BDGC.BF.AA...AA	BU,FL,AL,AL
B.D.EB.FG.AA.C.AA.C.	AR
D.E.C..G.CB..AABF.AA	BU,AL,FL,AL
B...EBFD.CAAG.CAA...	GR,AR
D.E..F.AACBGAACB....	AD,GU,AL
.DEC.B.GC.BF.AA...AA	FU,AL,AL
BDE..B..G.AA..CAAF.C	FR,AR
.DE.CB..GCBF.AA...AA	FU,AL,AL
BDGCEB.FC....AA...AA	AL,AL
BD..GBF.E.AA.C.AA.C.	AR
DF..C.GE.CB.AA.B.AA.	AL
BD.E.B.F.CAAG.CAA...	GR,AR
....C.GEDCB.FAAB..AA	EU,FU,AL,AL
.F..C.E.GC.B.AA.BDAA	BL,DU,DU,AL,AL
DEG.C.B..C.BFAA...AA	BL,FU,AL,AL
.DEC.BFGC.B.AA...AA.	AL
B.G.CBDF.CAA.E.AA...	AR
.D.C..GEC.BFAA.B.AA.	GL,FU,AL
B.DECBFG.C..AA...AA.	AL
.DE.CBFG.CB..AA...AA	AL,AL
.B.EC.BG.CD.FAA...AA	GU,FU,AL,AL
BD.G.B.F.CAAE.CAA...	ER,AR
BD.E.BFC..AAC..AAG..	CU,GR,AR
BFD..B.E.CAA..CAAG..	GR,AR
BDE..BF...AA.CGAA.C.	AR
F..E.DBG.C.BAAC..AA.	BU,AL
BD.E.BFG.C..AAC..AA.	AL
BD..CBF.ECAA...AAG..	GR,AR
.DE.GB.F.CB.AAC..AA.	AL
B.E.CBD..CF..AA..GAA	GU,GU,AL,AL
D..C..GEC.B.AA.BFAA.	BU,FL,AL
BD..EBF..G..AAC..AAC	AL
BDE..B.FC.AAGC.AA...	FL,GU,AR
B.FDCB...CAAE..AAG..	EU,GR,AR
BD.E.B.FG.AA.C.AA.C.	AR
BD..CB.FECAA...AA.G.	AR
D..FCBGE.CB..AA...AA	AL,AL
BDE.CB...CG.FAA...AA	FU,AL,AL
BFDECB...CAAG..AA...	GU,AR
B.D.CBFE.CAA...AAG..	GR,AR
.D.ECFG..C.BAA..BAA.	BL,AL
BD..EBFCG.AAC..AA...	CU,AR
F.GECDAA.CBAA..B....	AD
BFD..B.G..AA.C.AA.CE	AR
BD.C.BFEC.AA.G.AA...	AR
..DGC...EC.B.AAFB.AA	BU,BU,AL,AL
....FBGAAEBDAAC....C	BU,AD,DL,AL
BDE.CBF..CAA.G.AA...	AR
BD.E.B.F.CAAG.CAA...	GR,AR
.DG.C.E..CBFAA.B.AA.	EL,FU,AL
DE.GCF.AACB.AA.B....	AD,AL
BDE.CBF..C..GAA...AA	GU,AL,AL
BDGECBF..C..AA...AA.	AL
E..C.DG.C..BFAA.B.AA	BL,FU,AL,AL
BD..CBFGEC..AA...AA.	AL
.DE.CF..GC.B.AA.B.AA	BL,AL,AL
B..ECBD.GC...AA.F.AA	AL,FL,AL
E..GCB...CBDAA.F.AA.	DU,AL
BD.C.BE.C..GAA.F.AA.	GL,AL
BDE.CB.FGCAA...AA...	AR
D.EC.BFGC.B..AA...AA	AL,AL
BDE.CB..FCAA...AAG..	GR,AR
BDE.CBFG.C..AA...AA.	AL
.DEC.BFGC.B.AA...AA.	AL
BF..EB.DC.AAGC.AA...	DU,GU,AR
D.EC.BFGC.B..AA...AA	AL,AL
.DEC.BF.C.B.GAA...AA	GU,AL,AL
D.E.....G.B.AACBFAAC	BU,FL,AL
.DE.CBFG.CB..AA...AA	AL,AL
.DE.C.F.GCB..AAB..AA	AL,AL
BF.DEB.G.C..AAC..AA.	AL
D.E.C.F..C.BGAA.B.AA	BL,GU,AL,AL
D..GE.F..CB.AACB.AA.	AL
DF..E..G..B.AACB.AAC	AL
BD.CEBF.C.AAG..AA...	GU,AR
BD.C.BFEC.AA...AAG..	GR,AR
B..DEBFGC.AA.C.AA...	AR
.DE.CB.G.CBFAA...AA.	FU,AL
BDEGCB...CAAF..AA...	FU,AR
..G.C.D.ECBF.AAB..AA	DU,FU,AL,AL
BDEC.B.GC..FAA...AA.	FU,AL
D.EC..FGC.B.AA.B.AA.	AL
B.EC.BDGC.F.AA...AA.	AL
BDE.CBFG.CAA...AA...	AR
BD.E.BFG.CAA..CAA...	AR
BDE..BFG....AAC..AAC	AL
BDE..B.G.C.FAAC..AA.	FU,AL
.DE.....G.FBAAC.BAAC	FU,BL,AL
B.E..BD.FCAA.GCAA...	AR
BD..EBF...AAGC.AA.C.	GU,AR
BD..GBFEC.AA.C.AA...	AR
BDE.CBFG.C..AA...AA.	AL
D.EC.B.GC.BFAA...AA.	FU,AL
BD..CB...C.FEAA..GAA	FU,EU,GL,AL,GL,AL
.DEC..FGC.B..AAB..AA	AL,AL
BD.CGBF.C.AAE..AA...	EU,AR
BD.E.BFG.C..AAC..AA.	AL
B.DC.B.EC.AA.F.AA..G	AR
D.E.CF...C.B.AA.BGAA	BL,GU,GU,AL,AL
D...C..FGCB.EAAB..AA	FU,EU,AL,AL
D....B.G.CBEAAC.FAA.	EU,FL,AL
.DE.CBFG.CB..AA...AA	AL,AL
.DE..B.G.CB.AAC.FAA.	FL,AL
BD...BFEC.AAGC.AA...	EU,GU,AR
BE.C.BDGC...FAA...AA	GU,FU,AL,AL
...GC.DFECB.AA.B.AA.	AL
BDE.CBFG.CAA...AA...	AR
D..E.FAAG.BAA.CB...C	AD
.F.E.BG.DCB.AAC..AA.	AL
BD...BFEC.AAGC.AA...	EU,GU,AR
.GDECB...CB.FAA...AA	FU,AL,AL
BD.E.BFG..AA.C.AA.C.	AR
BDEC.BF.C.AAG..AA...	GU,AR
BD..EBFCG.AAC..AA...	CU,AR
D.EC..FGC.B.AA.B.AA.	AL
.DEC.B.GC.B.AA..FAA.	FL,AL
.DE...F.GCB.AACB.AA.	AL
D..EC..G.CBF.AAB..AA	FU,AL,AL
BDE..BFG....AAC..AAC	AL
BD..CBGE.C...AA..FAA	FL,AL,FL,AL
BD.C.BGEC...FAA...AA	EU,FU,AL,AL
BD..EBF...AACG.AAC..	CU,CU,AR
BD...BFE.CAA.GCAA...	AR
.D.E.BFG..B.AAC..AAC	AL
..EC.BD.C.B..AA.FGAA	FL,GU,GU,AL,AL
B...CBFDECAA.G.AA...	AR
.DGEC..AACBFAA.B....	AD,FU,AL
DFGE......B.AACB.AAC	AL
B...CBF.GCAA...AAD.E	DR,AR
BD.E.BF..CAA.GCAA...	AR
E..C.DFGC..BAA..BAA.	BL,AL
DE.C.BFGC.B.AA...AA.	AL
BDE.CBG..C.FAA...AA.	FL,AL
BDE..BF.C.AA.C.AAG..	GR,AR
B.E.DBF...AAC.GAAC..	CR,AR
DE..CBFG.CB..AA...AA	AL,AL
BDEC.B.GC..FAA...AA.	FU,AL
BFD.EB...CAAG.CAA...	GU,AR
D.EC.B.GC.BFAA...AA.	FU,AL
.D.EC..G.CBFAA.B.AA.	FU,AL
D.GECF...CB.AA.B.AA.	AL
B....BFDECAA..CAA.G.	AR
BD.E.B.F..AA..CAAG.C	GR,AR
B..FEB.D.CAA..CAA..G	AR
..G..ED...BFAACB.AAC	DU,FU,AL
BE.C.BDGC...AA.F.AA.	AL
BDFGCB..ECAA...AA...	AR
.DE.CB.G.CBFAA...AA.	FU,AL
BD.E.B...GAAFC.AA.C.	FU,AR
BDF..B..GCAA..CAA.E.	AR
..DECBF..CB..AA..GAA	GU,GU,AL,AL
DE.C.BG.C.B.FAA...AA	FU,AL,AL
B.D..BFG..AAEC.AA.C.	GR,EU,AR
D...CB.FECBG.AA...AA	GU,AL,AL
.DE.C.FG.CB.AA.B.AA.	AL
D..EC...GCBFAA.B.AA.	FU,AL
.F.EC.B..CDB.AA..GAA	FL,BU,GU,GU,AL,AL
D...CBFEGCB.AA...AA.	AL
BD.C.BE.C...GAAF..AA	GU,AL,AL
BDE.CBF..CAA.G.AA...	AR
BDE..BF.GC..AAC..AA.	AL
..EC.D.GC.BFAA.B.AA.	FU,AL
BDE..B.FG...AAC..AAC	AL
...EG.BD..FBAAC..AAC	BU,AL
B..ECBG..CF..AA.D.AA	AL,DL,AL
BDE.GBF..C..AAC..AA.	AL
DE....FG.C.BAAC.BAA.	BL,AL
BD.ECBF.GCAA...AA...	AR
.D.ECB..GCB.FAA...AA	FU,AL,AL
.D.E..GAACB.AACBF...	AD,BU,FL,AL
BD..CBFGEC..AA...AA.	AL
BD.ECB.G.C.FAA...AA.	FU,AL
.D..CGE..CFB.AA.B.AA	GU,FU,BL,AL,AL
B.DC.B.FC...EAA..GAA	FL,EU,GL,AL,GL,AL
BDEC.BG.C..F.AA...AA	FL,AL,AL
.G.ECD.F.CB.AA.B.AA.	AL
BDE..BF.GC..AAC..AA.	AL
.D.ECB..GCBFAA...AA.	FU,AL
B.E.CBDG.C.FAA...AA.	FL,AL
D.E...FG.CB.AACB.AA.	AL
BD...BFEC.AAGC.AA...	EU,GU,AR
B.D..BF..CAA.ECAA.G.	AR
B.D.EBF.G...AAC..AAC	AL
BDE.CB.G.C.F.AA...AA	FU,AL,AL
BDE.CB..FCAA...AA..G	AR
BDE.CB...CG..AA.F.AA	AL,FL,AL
BD.E.BF..CAA.GCAA...	AR
BD..EBAA..GAA.CF...C	AD
.EFC...GC...BAA.DBAA	DU,DU,BL,BL,AL,AL
.DEC.BG.C.BFAA...AA.	BU,FL,AL
B...CB.DECAAGF.AA...	DU,GU,AR
.DEC...GC.B.FAAB..AA	GL,FU,AL,AL
BF.DEB..C.AAGC.AA...	GU,AR
BD.E.BFG.CAA..CAA...	AR
.DE.C.F.GC.BAA..BAA.	BL,AL
..E.CBD.GCBFAA...AA.	BU,FL,AL
F.GDE..AAC.BAAC.B...	AD,BL,AL
BD.E.BF.C.AAGC.AA...	GU,AR
...E.BFDGCB.AAC..AA.	AL
BD.ECBF.GC..AA...AA.	AL
D...CG.E.CB.AA.BFAA.	FU,FU,AL
BG.ECB...C.DFAA...AA	DU,FU,AL,AL
B.EG.BDAAC.FAAC.....	AD,FL,AL
FE....GAACDBAAC.B...	AD,DU,BL,AL
BDE..BFG..AA..CAA..C	AR
BD.E.BFAAG..AAC....C	AD,AL
D.EC..FGC.B.AA.B.AA.	AL
D...E.FG.CB.AACB.AA.	AL
BD..CBF.EC..GAA...AA	GU,AL,AL
BD.CEBF.C.AA...AA.G.	AR
BDEC.B.FC.AA.G.AA...	AR
BD.ECBG..CF.AA...AA.	AL
.D.E..FG...BAAC.BAAC	BL,AL
BDEC.B.GC...AA.F.AA.	AL
.D.C.BEGC.BF.AA...AA	BU,FL,AL,AL
F.E...D.G.B.AACB.AAC	AL
DF.GCB.E.CB.AA...AA.	AL
BD.E.BFG..AA.C.AA.C.	AR
B..E.BDFC.AAGC.AA...	FU,GU,AR
B.F..BD...AA.GCAAE.C	ER,AR
..E.CDF.GCB..AAB..AA	AL,AL
DFEC.B..C.BGAA...AA.	GU,AL
B.EC.BDGC...AA..FAA.	FL,AL
BD..EBF.G.AA.C.AA.C.	AR
BDE..BF.GCAA..CAA...	AR
.DEC.B.GC.BF.AA...AA	FU,AL,AL
B...CB.DGCAAF..AAE..	FR,ER,AR
BD...BFEC.AAGC.AA...	EU,GU,AR
B.DE.BF.C.AA.C.AAG..	GR,AR
.DEC...GC.BFAA.B.AA.	FU,AL
.DE..BFG.CB.AAC..AA.	AL
D.E...BF.G.BAAC..AAC	BU,AL
BDE..BF.GC..AAC..AA.	AL
.DEC.B.GC.B.AA..FAA.	FL,AL
BD.E.BF..GAA.C.AA.C.	AR
.D.E.BFG..B.AAC..AAC	AL
BDE..BFGC.AA.C.AA...	AR
.DEC...GC.BFAA.B.AA.	FU,AL
DE.C..FGC..BAA..BAA.	BL,AL
.DE.CB.AACBGAA..F...	AD,GU,FL,AL
BD.ECBF..CAAG..AA...	GU,AR
DFGE...AACB.AACB....	AD,AL
D..GEB.F.CB.AAC..AA.	AL
B.D..BFGE.AA.C.AA.C.	AR
BD.E.B.FGCAA..CAA...	AR
..EC.B..C.B.GAAFD.AA	GU,AL,DU,DU,AL
BFE.CB.D.CAA..GAA...	AR
BDE..BF.GCAA..CAA...	AR
BDE..BF.GCAA..CAA...	AR
D.EC.B..C.BFGAA...AA	FU,GU,AL,AL
FEG.CBD..CB.AA...AA.	AL
BDE.CB.FGCAA...AA...	AR
BD.ECBF.GCAA...AA...	AR
BDE..BFGC.AA.C.AA...	AR
BD.ECB.G.C.FAA...AA.	FU,AL
BDE..BF.GC..AAC..AA.	AL
D.E.GB....BFAAC..AAC	FU,AL
.DE..BFG.CB.AAC..AA.	AL
BDE..BF.C.AA.C.AAG..	GR,AR
BD..CBFEGC..AA...AA.	AL
D.E.CBFG.CB.AA...AA.	AL
B.D..BE..G.FAAC..AAC	FL,AL
BFDE.B.AAC..AAC...G.	AL,AD
.DE.CBFG.CB..AA...AA	AL,AL
BDEC.B.FC.AA...AAG..	GR,AR
BD..CBFEGC..AA...AA.	AL
BDE.CBFG.CAA...AA...	AR
BD...BFE.CAA.GCAA...	AR
.DE.CB...CB.GAA..FAA	GU,FL,AL,FL,AL
D.EC.BFGC.B..AA...AA	AL,AL
.DEC...FC.B.GAAB..AA	FL,GU,AL,AL
BFD..B.GE.AAC..AAC..	CR,AR
.D..CB..ECBFGAA...AA	FU,GU,AL,AL
D...C..G.C.BEAA.BFAA	GU,BU,BU,EU,FL,AL,FL,AL
BDEC.BG.C.F.AA...AA.	AL
BDE.CBF..C..GAA...AA	GU,AL,AL
BDC..B.C..AA.E.AAF.G	FR,AR
BDE..BF.GCAA..CAA...	AR
D.E...F.G.B.AACB.AAC	AL
.DEGCB...CBFAA...AA.	FU,AL
B.DECBF..CAA...AAG..	GR,AR
.D..E.F.GCB.AACB.AA.	AL
B..E.BD...AA..CAAGFC	GU,GU,AR
B.EC.BDFC....AA..GAA	GL,AL,GL,AL
B.E..BDFGCAA..CAA...	AR
B.G.CBD.EC..AA..FAA.	FL,AL
B..DCB..EC.GAA..FAA.	GU,FL,AL
.DE..BFG.CB.AAC..AA.	AL
B..E.B.FD.AA.C.AAGC.	CR,GR,AR
BE.C.B..C.F.DAA..GAA	DU,GL,AL,GL,AL
DFE...GAAC.BAAC.B...	AD,BL,AL
BD.ECBF..CAAG..AA...	GU,AR
DEC...GC..BFAA.B.AA.	GL,FU,AL
.D.ECBG..CB.FAA...AA	FU,AL,AL
.FEDCB...CBGAA...AA.	GU,AL
BE.C.BDGC.F..AA...AA	AL,AL
BDG..BE..C..AAC.FAA.	FL,AL
BD..EBFG..AAC..AAC..	CR,AR
DBE.C.BG.C.F.AA...AA	FL,AL,AL
BDEC.BG.C.F.AA...AA.	AL
.F.ECD.G.C.B.AA.B.AA	BL,AL,AL
BD..CBFE.CAAG..AA...	GR,AR
.D.C..GEC.BFAA.B.AA.	GL,FU,AL
BD.GEBF.C.AA.C.AA...	AR
BD...B..CGAAECFAA...	EU,AR
BD.E.BFC..AACG.AA...	CU,AR
BDEC.BF.C.AA...AA.G.	AR
..DEC..G.CBF.AAB..AA	FU,AL,AL
B.D..BF.E.AA..CAA.GC	AR
BDE.CBF..CAA...AAG..	GR,AR
BD.ECB..GC..AA..FAA.	FL,AL
BDE..BF..CAAG.CAA...	GU,AR
B.DC.B.EC.AA.G.AAF..	FR,AR
BDE..BFG..AA..CAA..C	AR
BDE..BF...AAC..AAC.G	CR,AR
B..D.BF.ECAA..CAA.G.	AR
G...CD..ECBFAA.B.AA.	FU,AL
BDEC.BF.C.AAG..AA...	GU,AR
BD.G.B..FEAA.C.AA.C.	AR
BDE..BF...AAGC.AA.C.	GU,AR
B.D..BFEC.AA.C.AAG..	GR,AR
.D.E.BF.GCB.AAC..AA.	AL
.DEG.BF..CB.AAC..AA.	AL
..DC..FEC..BGAA.B.AA	DL,EU,BL,GU,AL,AL
D.G.F.AA..BAAC.B..CE	AD
BDE..B....AAFCGAA.C.	FU,AR
.D..C.GE.CBF.AAB..AA	GL,FU,AL,AL
B.E.CB.DGC..FAA...AA	DL,FU,AL,AL
D...E..GFCB.AACB.AA.	AL
B.DE.B..C.AAFC.AAG..	FU,GR,AR
.......GDEB.AACBFAAC	BU,FL,AL
BD.E.B.F..AA..CAAG.C	GR,AR
D.EC.BFGC.B..AA...AA	AL,AL
.FE.CG.D.CB..AAB..AA	AL,AL
D.EC.B.GC.BFAA...AA.	FU,AL
.D..CBGE.CBFAA...AA.	BU,FL,AL
FDEC...GC..BAA..BAA.	BL,AL
BD..CB.E.CFG.AA...AA	GU,AL,AL
...E.B.D.GB.AAC.FAAC	FL,AL
BDE..B.F..AA..CAA.GC	AR
BD.ECB.F.CAA.G.AA...	AR
DE..C.G..CBFAA.B.AA.	GL,FU,AL
B.D.CB.FECAA.G.AA...	AR
..EC.BD.C.BGAA.F.AA.	BU,GL,AL
BDE..B.FG...AAC..AAC	AL
BD.ECBF.GCAA...AA...	AR
BD..EBFG....AAC..AAC	AL
BDE..B.FC.AAGC.AA...	FL,GU,AR
B.DECB.GFC..AA...AA.	AL
DE..C.BG.C.BAA..FAA.	BL,FL,AL
BFDECB..GC..AA...AA.	AL
BDE.CB.G.CF.AA...AA.	AL
F...E.D.G.B.AACB.AAC	AL
D.E.C.FG.CB..AAB..AA	AL,AL
BD...BFEC.AAGC.AA...	EU,GU,AR
BDE.CB.G.C.F.AA...AA	FU,AL,AL
B.E.CB.DGC..FAA...AA	DL,FU,AL,AL
B.E.CB..GCFD.AA...AA	DU,AL,AL
.DE.CBFG.CB..AA...AA	AL,AL
BDE.CB..GC.FAA...AA.	FU,AL
B..E.BD.G.AA..CAAF.C	FR,AR
DF..EB.G.CB.AAC..AA.	AL
BD...BFE..AA.C.AAGC.	CU,GR,AR
.DG...FE.C.BAAC.BAA.	BL,AL
B..ECBD..CF..AA.G.AA	AL,GL,AL
BD...BFG..AAE.CAA..C	ER,AR
BD.C.BFEC.AA...AAG..	GR,AR
BDE..BF.C.AA.C.AAG..	GR,AR
BD.E.BF.C.AAGC.AA...	GU,AR
BDE..B.F.CAA.GCAA...	AR
.DEC.F.GC.B.AA.B.AA.	AL
B.GE.BD...AAFC.AA.C.	FU,AR
B.DECB..GC..FAA...AA	FU,AL,AL
BDE..BFG..AA..CAA..C	AR
BD.ECBF..CAA..GAA...	AR
BD.E.B.FC.AA.C.AAG..	GR,AR
DE..C.B..C.BGAA.F.AA	BL,GU,AL,FL,AL
.DEC.B.GC.BF.AA...AA	FU,AL,AL
DE..CB.FGCB..AA...AA	AL,AL
BD..CBFEGCAA...AA...	AR
B.DECBFG.CAA...AA...	AR
BDEGCB...C..AA..FAA.	FL,AL
BD.E.BFG.C..AAC..AA.	AL
..G.CBD.ECB.FAA...AA	FU,AL,AL
BD.ECBFG.C...AA...AA	AL,AL
BDE..BF.C.AA.C.AAG..	GR,AR
BDE..BF.GCAA..CAA...	AR
.D.ECBF..CB.GAA...AA	GU,AL,AL
BDE..BF.C.AA.C.AAG..	GR,AR
BDEC.BF.C....AA..GAA	GU,GU,AL,AL
D....BE.G.BFAAC..AAC	EU,FU,AL
BDEC.B.FC...GAA...AA	FL,GU,AL,AL
DFEC.B.GC.B.AA...AA.	AL
..EC..DGC.BF.AAB..AA	DU,FU,AL,AL
D.E...F.G.B.AACB.AAC	AL
BD...BFEC.AAGC.AA...	EU,GU,AR
DE.C.BFGC.B.AA...AA.	AL
D.E.C...GC.FBAA..BAA	FU,BL,BL,AL,AL
BFDECBG..C..AA...AA.	AL
.D.ECBFG.CB.AA...AA.	AL
B..D.BG.E..FAAC..AAC	FL,AL
.....D.FE.B.AACBGAAC	GU,GU,AL
BDE.CB...CAAF..AAG..	FU,GR,AR
BDE.CB..GC.FAA...AA.	FU,AL
..DEG.....BFAACB.AAC	FU,AL
BDEC.BF.C.AAG..AA...	GU,AR
..E.C.D..CB..AABFGAA	BU,FL,GU,GU,AL,AL
.DE..BFG.CB.AAC..AA.	AL
BD...BF.ECAAG.CAA...	GU,AR
BDE.CB...CAAF..AAG..	FU,GR,AR
..EGCBDAACBFAA......	BU,AD,FL,AL
B..ECBDG.C.F.AA...AA	FL,AL,AL
BFD.GB.E..AA..CAA..C	AR
BDE.CBFG.CAA...AA...	AR
.D..CBGE.CBFAA...AA.	BU,FL,AL
.DEC..F.C.B..AAB.GAA	GU,GU,AL,AL
B.D..BF.GCAA..CAAE..	ER,AR
BDE..BF...AAGC.AA.C.	GU,AR
D.EGCBF..CB.AA...AA.	AL
B...CBDE.CG.AA.F.AA.	AL
BDEG.BF...AA..CAA..C	AR
DE.GC.F..CB.AA.B.AA.	AL
.DE..BG..CBFAAC..AA.	BU,FL,AL
D...C.FE.CB.GAAB..AA	EU,GU,AL,AL
.BDECFB.GC...AA...AA	AL,AL
BD.E.BF...AAG.CAA..C	GU,AR
BDFE.B..C.AAGC.AA...	GU,AR
BDE..BFG..AA..CAA..C	AR
BDE.CBFG.CAA...AA...	AR
.E.C....C.BDGAABF.AA	BU,DU,GU,AL,FL,AL
B.F.GB.D.CAAE.CAA...	ER,AR
.DEC.B.GC.BF.AA...AA	FU,AL,AL
.DEC.B.GC.BF.AA...AA	FU,AL,AL
BDEC.B.FC.AA.G.AA...	AR
.D..EFG...B.AACB.AAC	AL
B.DE.BF..CAAG.CAA...	GU,AR
BDE..B.F..AA.C.AAGC.	CU,GR,AR
B.DE.BGAAC.FAAC.....	AD,FL,AL
B.D..BE...AAFC.AA.CG	FU,AR
BDE..BFG..AAC..AAC..	CR,AR
D.EC.B.GC.BFAA...AA.	FU,AL
BE.G.BDAACF.AAC.....	AD,AL
.DEC..FGC.B..AAB..AA	AL,AL
DFGC....CE.BAA..BAA.	BL,AL
F.DEC.B..C.BAA.G.AA.	BU,AL
BD.ECBF.GCAA...AA...	AR
..D.C...ECBFGAAB..AA	FU,GU,AL,AL
D..E.BFG.CB.AAC..AA.	AL
.DE.CB.G.CB..AA.F.AA	AL,FL,AL
BDEC.B.FC.AA.G.AA...	AR
B..ECBD..CAAFG.AA...	FU,AR
BD.G.BF.E...AAC..AAC	AL
BF.DEB.G..AA.C.AA.C.	AR
D.EC.B.FC.B..AA.G.AA	AL,GL,AL
DE.GCBF..CB..AA...AA	AL,AL
BE..CBD..CAAF..AA..G	FU,AR
BDE..BFG..AA..CAA..C	AR
BDE.CBGAAC..AA..F...	AD,FL,AL
D.EC.BFGC.B..AA...AA	AL,AL
....CB.DECB..AA.FGAA	DU,FL,GU,GU,AL,AL
..EC.BD.C.BFGAA...AA	BU,FL,GU,AL,AL
..FECD.BGC..BAA...AA	FL,BU,AL,AL
D.E....FGCB.AACB.AA.	AL
...D.BE..GBFAAC..AAC	BU,FL,AL
..EC.BD.C.B.FAA..GAA	FU,GL,AL,GL,AL
B.EC.BDGC.F.AA...AA.	AL
BDE..BF..CAAG.CAA...	GU,AR
.D..C..GECBF.AAB..AA	FU,AL,AL
DF.ECB...CB..AA.G.AA	AL,GL,AL
BD..CBFEGCAA...AA...	AR
DF.EC...GCB.AA.B.AA.	AL
BD..GBFE..AA..CAA..C	AR
.DEC....C.B..AABFGAA	BU,FL,GU,GU,AL,AL
B..DEB.FG...AAC..AAC	AL
.DE..FG...B.AACB.AAC	AL
.FEC.D.GC..B.AA.B.AA	BL,AL,AL
B.EC.BDGC....AAF..AA	AL,AL
.DEC..FGC.B..AAB..AA	AL,AL
BD.C.BF.C.AA.E.AAG..	GR,AR
BDE.CBF..CAA.G.AA...	AR
....CDFEGC.B.AA.B.AA	BL,AL,AL
..E..BD..CBGAACF.AA.	BU,GL,AL
BDEC.B..C.F.AA..GAA.	GL,AL
D.E.CF...CBGAA.B.AA.	GU,AL
B.EC.BGDC....AAF..AA	AL,AL
.DE..B..GCBFAAC..AA.	FU,AL
D..EC.FG.CB.AA.B.AA.	AL
BD..EBF.GCAA..CAA...	AR
FE...B..DCB.AAC..AAG	AL
.DE.CBF.GCB.AA...AA.	AL
BDE..B.FG...AAC..AAC	AL
BD.ECBF..CAAG..AA...	GU,AR
B.DGCB.FECAA...AA...	AR
B.DE.BF..GAA..CAA..C	AR
.DEC.F.GC..B.AA.B.AA	BL,AL,AL
BD..EB.F..AA..CAA.GC	AR
BDE..B.FC.AAGC.AA...	FL,GU,AR
B.E.GBD..CAA.FCAA...	AR
DE.C.BFGC.B.AA...AA.	AL
BDE.CBFG.CAA...AA...	AR
D...CBFE.CB..AA..GAA	GL,AL,GL,AL
BD.C.BGEC....AA.F.AA	AL,FL,AL
BDE..BF...AA.GCAA..C	AR
DEGC.B..C.BFAA...AA.	FU,AL
BDE..BF.C.AA.C.AAG..	GR,AR
BDE..B.FC.AAGC.AA...	FL,GU,AR
D.E.CBFG.CB.AA...AA.	AL
FE.C.D.GC..B.AA.B.AA	BL,AL,AL
ED...G....B.AACBFAAC	FU,FU,AL
BEGC.BD.C..F.AA...AA	FL,AL,AL
..DECB...CB.GAA..FAA	GU,FL,AL,FL,AL
BD.ECBF.GCAA...AA...	AR
BDEC.BF.C.AAG..AA...	GU,AR
B.DC.BF.CEAAG..AA...	GU,AR
.E..CB.G.CBDAA..FAA.	DU,FL,AL
BDE..BF..CAAG.CAA...	GU,AR
.DE..BFG.CB.AAC..AA.	AL
.D.E..F.G.B.AACB.AAC	AL
BDE.CB...C.F.AAG..AA	FU,AL,AL
..DGE.F..CB.AACB.AA.	AL
BFE..BG..CAA..CAA.D.	AR
B..DCB.FECAAG..AA...	GR,AR
.DE..BFG.CB.AAC..AA.	AL
.EC..BDC..BFGAA...AA	CR,BU,FL,GU,AL,AL
BDEGCBF..C..AA...AA.	AL
BF.E.B...G.DAAC..AAC	DU,AL
B.E.CBDG.C.FAA...AA.	FL,AL
BDE..BFG..AA..CAA..C	AR
BD...BF..EAAG.CAA..C	GU,AR
.D..CB.E.CBF.AA..GAA	FU,GL,AL,GL,AL
B.D..BFGECAA..CAA...	AR
DE...B.G.CB.AAC.FAA.	FL,AL
.DE.CBF.GCB.AA...AA.	AL
BDE..B.FC.AA.C.AA.G.	AR
BDE.CB.F.CAAG..AA...	GR,AR
B..E.BF.GDAA..CAA..C	AR
.D.ECBFG.CB.AA...AA.	AL
.DEC.BF.C.B.GAA...AA	GU,AL,AL
BDGE.BF.C.AA.C.AA...	AR
D..E.BF.G.B.AAC..AAC	AL
D.EC.FG.C.B.AA.B.AA.	AL
BDE.CBF..CAA...AAG..	GR,AR
.DE..B...CBGAAC.FAA.	GU,FL,AL
D.E.CBFG.CB.AA...AA.	AL
BD..EB.G....AAC.FAAC	FL,AL
BD.E.BFG.C..AAC..AA.	AL
D..E....GCB.AACBFAA.	BU,FL,AL
.DEGCF...C.BAA..BAA.	BL,AL
.D.ECB.F.CB..AAG..AA	AL,AL
B.D..BFC.GAAC.EAA...	CR,AR
.FDE.B....BGAAC..AAC	GU,AL
BDEC.BFGC....AA...AA	AL,AL
..DECB.FGCB..AA...AA	AL,AL
..DC.BFEC.B.GAA...AA	DL,EU,GU,AL,AL
BDE..BFC..AAC.GAA...	CR,AR
DE..C..G.C.BFAA.B.AA	GU,BL,FU,AL,AL
B.E.CBDF.CAA...AAG..	GR,AR
D..EC.G..CB.FAAB..AA	FU,AL,AL
B.EC.B..C.D.GAA.F.AA	GU,AL,FL,AL
B....BD..EFGAAC..AAC	DU,GU,AL
BDEC.BF.C.AA...AA.G.	AR
B.E.GBD..C.FAAC..AA.	FL,AL
DEGC..F.C.B.AA.B.AA.	AL
BD.E.BF.C.AAGC.AA...	GU,AR
.D.ECBFG.CB.AA...AA.	AL
BDEC.B.FC.AA.G.AA...	AR
BDGECB...CAA...AA.F.	AR
BDE..BF.GC..AAC..AA.	AL
D..ECBFG.CB..AA...AA	AL,AL
.FE.CD.G.CB..AAB..AA	AL,AL
.DE.CBF.GCB.AA...AA.	AL
D..C..GEC.BF.AAB..AA	GU,FU,AL,AL
.BDE..B.FCAA.GCAA...	AR
.E..C.BDGCFBAA...AA.	EL,BU,AL
F.D...BG.E.BAAC..AAC	BU,AL
.DE.CFG..CB.AA.B.AA.	AL
B...DBFGEC..AAC..AA.	AL
D.G.C.E..C.BFAA.B.AA	BL,FU,AL,AL
BD..CBFE.CAAG..AA...	GR,AR
B.FD.B.GE.AA..CAA..C	AR
BDEC.BF.C.AAG..AA...	GU,AR
DFGE.BAA.CBAA.C.....	AD
BDE.CB..GC..AA.F.AA.	AL
..E..DF.G..BAAC.BAAC	BL,AL
BD.E.BF...AAG.CAA..C	GU,AR
..EC.B.GC.BDAA..FAA.	DU,FL,AL
BDE..B.F..AAG.CAA..C	GR,AR
D.E.C.BG.C.BAA.F.AA.	BU,AL
.DE..BFG.CB.AAC..AA.	AL
.DEC.B.GC.B.AA..FAA.	FL,AL
BDE.CB.G.C.F.AA...AA	FU,AL,AL
BDE..BF..CAAG.CAA...	GU,AR
BDEC.B.GC..FAA...AA.	FU,AL
.DE.....GCB.AACBFAA.	BU,FL,AL
..E.CFD.GCB..AAB..AA	AL,AL
B.E..BD.GC..AACF.AA.	AL
.E...D.G..BFAACB.AAC	FU,AL
.DE..BFG.CB.AAC..AA.	AL
D...C..GECBFAA.B.AA.	FU,AL
D.GECBF..CB.AA...AA.	AL
BDG.EB..FCAA..CAA...	AR
..E.CBDG.CBF.AA...AA	BU,FL,AL,AL
BD.E.BF.C.AAGC.AA...	GU,AR
BD.GCB...C.FEAA...AA	FU,EU,AL,AL
BDE.CBF..CAA.G.AA...	AR
BD...BFEC.AAGC.AA...	EU,GU,AR
DGEC....C.B.AA.BFAA.	BU,FL,AL
B.D.EBFG.C..AAC..AA.	AL
BF..EBD...AA..CAAG.C	GR,AR
.BDE..BFGCAA..CAA...	AR
B..E.BDF..AAC.GAAC..	CR,AR
BDE..BF..CAAG.CAA...	GU,AR
BFD..B..C.AAEC.AAG..	EU,GR,AR
B.EC.BDGC...AA..FAA.	FL,AL
...ECDG..CFB.AA.B.AA	DU,FU,BL,AL,AL
BD.ECBF.GCAA...AA...	AR
FDEC..G.C..B.AA.B.AA	BL,AL,AL
BFE..B....AADGCAA..C	DU,AR
BDE..B.G.C.FAAC..AA.	FU,AL
DE..C.G..CB..AABF.AA	BU,AL,FL,AL
BDGECB...C...AA..FAA	FU,FU,AL,AL
BD.ECBFG.C...AA...AA	AL,AL
B....BDF.GAAC.EAAC..	CR,AR
DE.G.BFAA.B.AAC....C	AD,AL
D.FC.BEGC.B..AA...AA	AL,AL
D.FC..GEC.B.AA.B.AA.	AL
D..EC.B..C.B.AAF.GAA	BU,GU,GU,AL,AL
.D.GCBFE.CB.AA...AA.	AL
.DEC.BFGC.B.AA...AA.	AL
D.EC.BFGC.B..AA...AA	AL,AL
BDE..BF...AAGC.AA.C.	GU,AR
.BD.E.B..GAAF.CAA..C	FU,AR
DE.C.BFGC.B.AA...AA.	AL
BD.C.BFEC.AA.G.AA...	AR
D.E.CBFG.CB.AA...AA.	AL
BDEG.B.F.C..AAC..AA.	AL
D...CBFEGCB.AA...AA.	AL
BGDC.B.EC.F..AA...AA	AL,AL
DE..CBGAACB.AA.F....	AD,AL
BDE.CBF..CAA...AAG..	GR,AR
BDEC.BF.C.AAG..AA...	GU,AR
B.F.DB...EAAGC.AA.C.	GU,AR
BDE..B.F..AAG.CAA..C	GR,AR
B..ECBDF.C.G.AA...AA	GL,AL,AL
BDE..BFGC.AA.C.AA...	AR
BDEGCBF..C..AA...AA.	AL
..E.CFDG.C.B.AA.B.AA	BL,AL,AL
BD.E.BFG..AA.C.AA.C.	AR
BDE..BF..CAAG.CAA...	GU,AR
.DE.CB.G.CBFAA...AA.	FU,AL
BDE.CB...C..GAA.F.AA	GU,AL,FL,AL
BD.E.BFG.C..AAC..AA.	AL
BD...BF.E.AAGC.AA.C.	GU,AR
B.E..BDG.C..AAC.FAA.	FL,AL
BDE..BF..G..AAC..AAC	AL
..DEC.FG.C.B.AA.B.AA	BL,AL,AL
E...CD...C.BGAA.BFAA	BU,BU,GU,FL,AL,FL,AL
B.EC.BDGC..F.AA...AA	FL,AL,AL
BDE.CBFG.C..AA...AA.	AL
BFDGEB....AAC..AAC..	CR,AR
B.D..BFCE.AACG.AA...	DL,CU,AR
.DEC.BF.C.B.GAA...AA	GU,AL,AL
BDEC.BF.C.AAG..AA...	GU,AR
BDE.CBF.GC...AA...AA	AL,AL
E...G.BF.CDBAAC..AA.	BU,AL
BD.E.B.F.GAA..CAA..C	AR
..F.CB..ECBDAAG..AA.	DU,AL
D.EC..FGC.B.AA.B.AA.	AL
B.DE.BF.G.AA.C.AA.C.	AR
BD.E.BFG..AA.C.AA.C.	AR
BDG.CB..EC.FAA...AA.	FU,AL
.DE..BFG.CB.AAC..AA.	AL
..E.CBDG.CB.AA..FAA.	FL,AL
D..EC.F.GC.BAA..BAA.	BL,AL
.DEC.BFGC.B.AA...AA.	AL
.DE.C.FG.CB.AA.B.AA.	AL
.EGC.BD.C.B.AA.F.AA.	AL
F.D.CBG.ECB..AA...AA	AL,AL
.DE...BG.C.BAACF.AA.	BL,AL
BDGE.B.F.C..AAC..AA.	AL
BD.E.BF..GAA.C.AA.C.	AR
.D.C.G.EC.BF.AAB..AA	FU,AL,AL
BD.E.BFG..AA.C.AA.C.	AR
BD.ECBFG.C...AA...AA	AL,AL
BF.E.B.DC.AA.C.AAG..	GR,AR
B.DECBFG.CAA...AA...	AR
B.EC.B..C.F.GAA.D.AA	GU,AL,DL,AL
BD.ECBF.GCAA...AA...	AR
.DE.CB...CB.FAA..GAA	FU,GL,AL,GL,AL
...EC.G..CBDAA.BFAA.	GU,BU,DU,FL,AL
.DEFG.BAAC.BAAC.....	BL,AD,AL
..EG.BDF.CB.AAC..AA.	AL
D.E.CF.G.C.B.AA.B.AA	BL,AL,AL
D.EC.BFGC.B..AA...AA	AL,AL
D.E.CB.G.CBF.AA...AA	FU,AL,AL
D..E...G.CBFAACB.AA.	FU,AL
BD.C.BGEC..FAA...AA.	FL,AL
DG..C..FEC.B.AA.B.AA	BL,AL,AL
B.DECBFG.C..AA...AA.	AL
BDE.CBG..C.FAA...AA.	FL,AL
BD.ECBAAFC.AA.G.....	AD
BDE.CB.G.C...AAF..AA	AL,AL
BD.ECB.G.C.FAA...AA.	FU,AL
DF.E.B.G..B.AAC..AAC	AL
B..D.BF.E.AA..CAAG.C	GR,AR
BDEC.BF.C.AA...AA.G.	AR
B.E.CBD..CAA..GAA.F.	AR
DEG.CBF..CB.AA...AA.	AL
BF..CB.DECAA...AA.G.	AR
B....BDF..AAGCEAA.C.	FU,GU,AR
..E.CF.G.CDB.AA.B.AA	BU,BU,AL,AL
BD...BF.C.AAEC.AAG..	EU,GR,AR
BDE..BF..CAAG.CAA...	GU,AR
BD.ECBFG.C...AA...AA	AL,AL
B.EF.BD..CAAG.CAA...	GU,AR
DF.EC....CBG.AAB..AA	GU,AL,AL
B.EC.BDFC.AAG..AA...	GR,AR
DE..CB.G.CB..AA.F.AA	AL,FL,AL
D.GE..F....BAAC.BAAC	BL,AL
BDE..BF.GCAA..CAA...	AR
B.D.EBFG.CAA..CAA...	AR
B.E..BDF.CAAG.CAA...	GR,AR
B.D.EB.F..AA.GCAA..C	AR
B.DECB.FGCAA...AA...	AR
D..E.F.G...BAAC.BAAC	BL,AL
.D.EC..G.CB.FAAB..AA	GU,FU,AL,AL
DF.G.BAAE.BAAC....C.	AD
BDG..BF...AA.CEAA.C.	AR
BDE..BFG..AA..CAA..C	AR
BDE.CBF.GC...AA...AA	AL,AL
B...CBDE.C.G.AA..FAA	GL,FL,AL,FL,AL
BD...BFGE...AAC..AAC	AL
BDE..BF...AAGC.AA.C.	GU,AR
B.D..BFGC.AA.C.AAE..	ER,AR
BD.ECB.G.C.FAA...AA.	FU,AL
BDE.CB.F.CAAG..AA...	GR,AR
.D..CB.GECB.AA.F.AA.	AL
BDG..BF...AA..CAAE.C	ER,AR
BFD..B.G.CAA..CAA..E	AR
BD.C.BFEC.AA.G.AA...	AR
D..E.B.AA.BGAAC.F..C	AD,GU,FL,AL
BD.E.BF..CAA.GCAA...	AR
B.EC.BDGC...AA..FAA.	FL,AL
B.FDCB..ECAA.G.AA...	AR
..GEC.D..CBFAA.B.AA.	DU,FU,AL
BD.E.B.F..AAGC.AA.C.	FU,GU,AR
FD.....E.G.BAAC.BAAC	BL,AL
BDEF.BG...AA..CAA..C	AR
BD.E.BFG..AA.C.AA.C.	AR
....C.DEGCBFAA.B.AA.	DU,FU,AL
BDE..B.F.CAA.GCAA...	AR
..D.C.F.GCB.AAEB.AA.	AL
DFE..B..G.B.AAC..AAC	AL
BD.E.BFG..AA.C.AA.C.	AR
BD..CBF..C.G.AA..EAA	GL,EU,EU,AL,AL
BDE..BF.GCAA..CAA...	AR
BE.C.B.GC..DAA..FAA.	DU,FL,AL
.DE.CB...CBFGAA...AA	FU,GU,AL,AL
.DE..B.G..B.AACF.AAC	AL
BD..CBFGEC..AA...AA.	AL
BDE..BFGC.AA.C.AA...	AR
D.GEC.F..CB..AAB..AA	AL,AL
BD...BF.E.AA.GCAA..C	AR
..D.E...GCBFAACB.AA.	FU,AL
B.D.CB.E.C.F.AA..GAA	FU,GL,AL,GL,AL
B..C.BDFCEAA...AAG..	GR,AR
B..E.BD.GCAAF.CAA...	FU,AR
B....BD..CAAFECAA.G.	FU,AR
D..GE.....BFAACB.AAC	FU,AL
BDE..BF.C.AA.C.AAG..	GR,AR
B..ECBDF.C...AA..GAA	GL,AL,GL,AL
BD.ECBF..CAAG..AA...	GU,AR
..FG..D.ECB.AACB.AA.	AL
BDE.GBF..C..AAC..AA.	AL
BD...BF..CAAE.CAA.G.	EU,AR
D.EC..FGC.B.AA.B.AA.	AL
BDG..BF.ECAA..CAA...	AR
B.EC.BDGC.F.AA...AA.	AL
B.GECBDF.CAA...AA...	AR
BDE.CB.F.CAAG..AA...	GR,AR
BD...BF.ECAA..CAA.G.	AR
.GE..D.F...BAAC.BAAC	BL,AL
BDE..BFGC.AA.C.AA...	AR
BDEC.BF.C.AA..GAA...	AR
BD..GBFCE.AAC..AA...	CU,AR
B.D..BFE..AAGC.AA.C.	ER,GU,AR
BDE..BF.GCAA..CAA...	AR
DFE.CB...CB..AA..GAA	GU,GU,AL,AL
BDE..BF..CAAG.CAA...	GU,AR
BDF..B...EAA.C.AAGC.	CU,GR,AR
BDE.CBF..C...AA.G.AA	AL,GL,AL
BDEC.BF.C.AA...AA.G.	AR
BDEC.BG.C.F.AA...AA.	AL
BDEC.BF.C.AA..GAA...	AR
.FG..BAAEDBAAC....C.	AD
