057321649eabdf8c	DRULDRRDDRULUURDDDLLURRD
124756389a0fdecb	DRUUULDRDLDR
613452709cfbda8e	DLDRULLLUURDRRDLULLDRDRR
124867f35a9ed0cb	URRDLUURULDLLDRDRURD
137492ba658cd0ef	RRUULDRULULDDLURDRRD
123460785dfba9ec	LDDRULDRRURD
1283d6b409cf5e7a	DRRRULUURDLLDDRULLURDDLUURRDDR
12b350649a87defc	RURDDLURDD
51872b30946eadcf	LURDLDLURDRULLLDDRURDLULUURDRURDDLDR
134852b096c7daef	DLURULLDDDRR
2604137cd5afe9b8	LDDDLURRDRUULULLDRRDDRULURDD
12345078a6bc9def	DLDRRR
a168294375bcd0ef	UULURDLDRDLURULURRDRULDLULDDDRRR
1924603c587fdabe	URDDLURDDRUULLLDRDRR
16249570ab38defc	LDLLURURDRDD
64ec37a05128d9bf	ULLDDRURULLDLURDDDRUURDLUULDLDRDRULDRR
a623701459b8defc	RULDLURRDLLDRUURRDDD
0234158c96afde7b	DRDRDRUULDDR
026413589a7cdebf	RDRULLDRRDDR
65329180dab7ef4c	DLUURDLDDLLUUURDLURRRDLDRULURDDD
12345678ac0f9bde	LDRRULLLDRRR
1563d24fe8c790ba	RURULLURDDDRULDLLUURDDLURRULURRDLDDR
61247ca093b8e5df	LLDDLURDRUULLURRDRDLULLDDRURDR
13529a64b80cd7ef	LLUURRDDLDRULUULDRURRDLLURDDDR
136cb042a5d879ef	URDRULDLDLDRURRDLLULURURDDLLDRRRUULDLDRR
341b2d567a8f90ec	UURULLDRRDDLULURRRULLLDDDRRUULDRRULLDDRURD
12396eb05a7cdf84	ULDDRDLUURDLLURURDDDLLUULDRRURDD
5102efc39876db4a	DLDRUURDDLDRUULDRULLLURRRDLDLURDDLURDR
12479630a5b8defc	ULDLDLURRRDD
26341590dca8eb7f	ULLLDRRDLURURDDLDLLURURDDR
5104e6829a73dfcb	DLLDRURRULDRDDLLULUURRDRULDDRD
1234e5786dac90bf	ULURDLDRURDR
63f720d8ae91b5c4	RRDDLUURDLLDLURDRULURURDDLUULDLURDLDDRULDRRURD
05a32861d9e7cf4b	RDRDDLLURURRDLLURULDLURDRDDLUURRDDLUUURDLDRD
627350481eab9dfc	LDDRURRULULLDRURRDDD
1a23658097c4debf	DLLUURRDLDDLLURULDDRRR
012356749ec8dbaf	RRRDDLDLURDR
237416b059c8daef	DLUULLDDRDRR
95847a26fe03dbc1	DLULURRURDDDLUURDLURULDDLLUURRDRDDLULLUURDRDRD
12345a6807cf9deb	DRRRULLURDDR
1234578b06fea9cd	DRURDRULLDRRUULLDLDRRURD
06342a7815bc9def	DDRUULDDDRRR
2794e0561a38cdfb	DDLUURURDDDLUUURDRDDLULLDRUULDRUULDRRDRD
123456c0d9bfe8a7	DLDLLURRDRUULDDRUULDDR
29635174cf08deba	LLURURRDDLLUULDDRDRRULDLURDR
0468157392acdebf	DRDRUULDRRULDDDR
257361d40eb89fac	URULDDRURURDDLDLLURULDRDLURRRD
687312549a0cdbef	UULDDRUULLDRDDLUURURRDLDLLDRRR
127d604ceb85a93f	URDDRULLDLDRURRUULDRDLDLLURURDLUURDLLDDRULDRRR
25831cb4d6fae097	RUUURDDDLUURDLULULDRDDLURRURDLDR
1642a7b3590cde8f	DRULUURDLLLDRUURRDDD
59246137efa8d0cb	ULUURDLURRDRDDLLULURDRRD
1d02596aeb7fc834	DDDLUUURDRDLLURRDDLLLURRUURDDDLLLURUURRDDDLURD
613752980ea4dbfc	UURDRRDDLLUUURRDLULDLDRRDR
12346a7895fbd0ec	LURULDDRRURD
140d52b8a3cf96e7	RDLULDDDRUULDRRDLLULDRRURUULDDRD
3674128bd9f5e0ca	UUULDRDRRDLLURDLLURRRULULDLDRRRD
634b29801afc5d7e	ULLLDDDRUUULDDRRDRUULDLDRURD
513b9048627cdefa	DLUURRDRULLDDDRRUULDDLURRD
07c831b6425e9adf	DDRULDRRRULULDDDRURULULLDDDRURRUULLLDRDDRR
637c21f85b049dae	UURDDLUURDLULDLURDLDDRRRUULDLDRR
16245b380a7c9def	DRUUURDDLDRR
6207e8531dcba4f9	RDDLULLDRDRRUULDLURDDLURDLLURDRURULULLDRURRDDD
247810635eac9dbf	RULLDDDRURURULDDDR
82347aeb01fc56d9	UURDLDRDRUULLDDRRRUULLDRDLURULULDDRURDRD
023416785beca9df	DDDRRULLDRRR
27031a6459b8defc	LLDDRURURDDD
16235074dab8e9fc	DDLURUURRDDD
1283a0b4956fd7ce	DDLUURDRDRULUURDLLDLDRRR
02346c781dea59fb	RRDLLDDRURUULLDDDRRURDLLURRD
67e3124c958fd0ba	RRUULULDDDRRULUULLDRURRDDDLULDRR
2a741e3056f89dcb	DDLULUURDLULDDDRURULDRRD
12345678d9faebc0	LURDLLLURRDR
234816705afb9dec	ULLLDDDRRURD
513492680e7badfc	DRULUURDRDRD
123457bad6cfe098	RURDLUURDLULDDLURRRD
e253d7841a0c69bf	LLUURRRDLLDLDRULURULDRDLDRURDR
520391b7d8cfe6a4	LDDDRUULDRRDLUURDLLDLUUURRRDDD
2534d178e6ab90fc	LUURULDRDDLURRRD
27a8e963d1045fcb	ULDLURRURDDDLLULDRUUULDDRRUURDLLDRRD
2a3416875d0be9cf	ULULDDRDRRULDLLURURRDDLURD
120c79836da45ebf	RDDDLLUURURDLLLDDRRRUULLLDRRDR
13475290d6acbe8f	ULLDDRULDRDLLURDRRULLURRDD
45761df803bce92a	URDDRRULULDDRULLURDDLUURULDRRDRUULLDRRULLDRRDD
1273a0645eb89dfc	LDDRUURURDDD
513824b7960edafc	RDLUULLURRDRULLDDDRR
1204573896bfdace	DDDRULULDDRR
263410785dbca9ef	ULDDDRULDRRR
6297a531db4f8ce0	ULLDLUURURDRULDLULDRDDRULUURDRDLLLUURRRDDLDR
64cf3b27de18a095	UURRULLDDRRUULDDDRUULDDLLURRULLURDLDRRUULLDDRDRR
263419b75ea8d0fc	UUULDDRRURDD
13785260dec4ab9f	LURDDLUURDLULDRDDLURDLLURDRR
513426780abc9def	DRUULURDDDRR
1234b5789c06adef	RULDLDLUURRRDLDLULDRRULDRR
3204689f1d7ba5ce	LDLDRDLURRUULLDRRULDDRDRUULLLDRDRRULDR
51349268d70ceabf	LDLUUURDRDDR
148c92573eabd6f0	LULURDLLURDRURULLDDDRURUULLDDDRR
16249d58730bfaec	LURDDLULDRRULLURURDDLDRURD
148352609a7bdefc	ULLDRRULDDRD
fe8690175d43ba2c	LDRURURDLDDLLUURULDDRUURDDLDRURUULDDLUURDDLDRUURDD
823ed0c45a1f9b67	LURRRDLULDLDRRULDLURULDDRRDRUULDDLUURDDLULDRRR
253417fbda0ce968	ULULDRDDLURRDRUULDDRULLURRDDLURD
637f5412bc8e9ad0	UUULDDRULLURDDLDRRUUULDLDLUURRDRDLLULDDRRR
12345b7096acde8f	LLDRDRULURDD
2347d058e16f9acb	DDLUURDDLURURDDRUUULLLDRRRDLDR
16725034ac8f9dbe	URRDDLLUURDDRULDDRUULLDLDRRR
6273e51a9d84f0bc	LUURRRDLDLULURRULLDDDRUUURRDDD
6148a230d7bc59ef	ULDDLLUURDLDDRURULLDDRRULURDDR
174836bc29afd05e	RULULDRDRRUUULLDLDRRUULDLDRDRR
51249037a6c8debf	DLUURRDRDLDR
01346dc25ef8a97b	DDDRUURRDLDLUURDLLUURDLDDRRRULDR
64732a185e0b9dfc	ULULDDDRURULDLURULDDRRRULURDDD
12735064abc89def	RURDDLLLDRRR
9523a780d1bce6f4	DDLUURDLULDDLUUURDDLUURRRDDLDR
1a93d54287cbe6f0	UULURDDLLDRRULLLURRDLUURDRDLDLLURURULDRRDD
128c9456d7b3a0ef	LUUURDRRDLURULLLDRDRRUULDLDDRR
246710539bf8deac	RULLDDDRRULDLUURRRULDRDD
634b512cea0f9d87	DRUUULLDRDDRUULDLLUURDLDDRURRD
5162ed4307cb9af8	UURRRDLLDDRUULDRRDLLULDRUUURRDDD
1a059783d426ecbf	RDLULDRDLDLUURRULDRDRULDLURURDDLDR
2e4816f05973dbac	DDLUULULDDRURRDLDRUUULDDDLURDR
627319d8540beafc	LURDRULULLDDRULDRDLUURURRDDD
2348157c96bfdae0	UUULLLDRDDRR
8406231bd5fe9ac7	DDRDLLLURDRUULURDLLURDLDRDRURULLURRDLULDRDRD
263451780efacd9b	URULDDRDLURRDLURRDLLLURRRD
5d6298f3e1cab047	LUUURRRDLDDRUULDDRUULLLURDDLUURDLURRRDLDDLLURRDR
25346ab7ed1890fc	ULDRUULDRRULDLURULDRRRDD
631a7058cdb29ef4	DLURRRDDLULLURURRDDLLLUURRRDLLURDDDLUULDDRRR
025813b7a6f49dec	RDDLDRRUUURDDLLURURDLULLDRDRRD
234b5617980cdaef	URULLDDRULDLURULDDRDRRUULDRD
720b68ae5f431d9c	DRDLULULDDDRURUURDDLDLURUULDLDRRUULLDRURRDDD
16245a380d7ce9bf	RDLURUURDDDR
ae51d964c328f07b	LUURURRDLDLDLUUURRDDDLUULURRDRDDLLUURDRD
13865e24da7f90cb	ULDRUULDDRULURRURDLULDRDDRULDR
120856439b7cdaef	DRULDDLDRR
274863bcd50e1a9f	DLULDRURRUULLDLDDRRUUULLDDRDRR
25341a679bf8d0ec	RULUULDRRRDD
1234507cdb8a69ef	RDLDLURDRURULLDRDR
2953ed74a60bf1c8	LULDRDLURUURDDRDLLUULDRUULDRRURDDD
273a18b405f69dec	DRRUULURRDLLDRRULULLDRRDLURRDD
023756849dafe1cb	DDRDLUUURDDLURURRDLULLDDRRDRULDR
1d825e3067c4a9bf	DLUURDLDLUULDDDRUULURRDDDLULDRRR
51479328da0bef6c	DLLUUURDRDRUULLDRRDD
513789c4debf206a	UULURRRDDLDLLURDRRUULLDRDRUULULDDRDR
0a15d824e7bf963c	DDRUURRDDLLLUURRDDDRUULDDRULLUURDDLDLUURDDLURRDR
7a241538e9db60fc	ULDRUUULDDRRDLUUURDLLDDRRURD
521c6097ed38ba4f	DRDLLUURRDLLURURDDDLLUUURDDRRUULDDRULDDR
148f736d520ab9ec	URULLDDRURULLDLDDRRUULDDRULLDRURRDLLURDR
152769b30ce4dfa8	URURRDDLLDRURDLULLURDDRUUURDDD
05382ac147bf69ed	DRDRDRUULLDLDRRURULDLURDLLURURDRULLLDRDLDRRR
51239684da7be0fc	LUUURRRDLDRD
594723cb06f8ae1d	DRRUURDLULDRDRUUULDLULDDDRRULLDRUULDRUULDRRRDD
123456c7d9a8ebf0	LLLURRURDLDR
5183d264af09eb7c	DLULUURDRURDLDRULLDRDLLURURRDD
513467c0dbe2a9f8	DDLUURULDLLURRRDDLLDLURDRR
23b41a976e8cd05f	UURULLDDDRRRULLDLURULDRRURDD
1234608c59b7daef	LDRDRURULDDR
012756439ac8debf	RRDRULDRDLDR
134750b6d2f8e9ca	DDRRULDLLURRRDLUURULLDRRDD
02c391f4d58e67ab	DDRRUULDDLUURRRDLLDDLUURDDRURDLURULLDDRR
1204b638d5eca7f9	DRDDLURDLLLURRDRUULLLDRURDLDRR
237415a096c8debf	DLUULLDRDRDR
1a2354b7e60f9dc8	ULDLDRURRULLURRDDDLULURRDD
12479630aefb5d8c	ULDDDRULULLDDRUULDRURRDDLURD
12349567edb8a0fc	ULDRULURRRDD
1c4f5736a28b9de0	UUULDDRULLURDLDRUULDDLDRRRULDR
0bc73a24d1e8965f	DRDRDLULURRDDLUURULLDRDRUURDDLUULDDLDRRR
51732f8cd604a9eb	URDLULLURDDDLURDRUUURDDDLURD
2d391e7ba6f58c40	LURUULDDLUULDRRRDDLLLUURRDDLUURRDLDLLURDRRULUURDDD
51382067ab4f9dce	RDDRULLULURRDRULLDDLDRRR
2734106b958cadef	ULDDDRUURDLDRRUULLDLURRDRD
6712904b3d8cae5f	DLDRRRUULDLLURURRDLDLLUURRDLDDLURULDRRRD
42f6513809bac7de	URULDDDRURRULULDDLDRRUURULDRDLLLDRRRULLURDLDRR
12c3564d0a8f9e7b	RRDRUULURDLDLURDRULLDRDLULDRRR
136452789a0cdebf	UULDRDDR
3148927bd5ac6ef0	LLLUURULDRDDRRUUULLLDRDRRD
128c79346efa5db0	ULURULDDDRUUULDDLULDDRRUULLDRDRR
e7b3205481ac9d6f	LURDDLURRULLDRDLDRURDLURULURRDLLDDRR
162395740eb8adfc	DRULURURRDDD
01472b635a8c9def	RRDLLDDRRRULUULDRRULDRDD
25476ad8193be0fc	UURDLULDRUULDRDDLURRRUULDRDD
95341a60d782efbc	DLLULURDRRULDDDLLUUURRRDDD
1764532c09f8daeb	RUURDRDLULDDRRULULURDDDR
5d73a2149e0fc86b	DLLUURURDDDLUURDDLUUURRDLLLURDDLDRRRULDR
02861374d5ace9bf	RDDDLURRUURDLULLDRRDDR
12839064a57cdebf	DLURRURDLDDR
120756b39af4dec8	RDDDLUUURDDD
056b71249ac3de8f	DRULDRRULDRRULDRDLDRULURULDRDD
862a1e4059b73dfc	LDLUURRDLULLDDDRULURDRULURDLLDRRRULDRD
120356749abcde8f	DDDRULUURDDD
62041a785fbc93de	DLDDRRULULDRUULLDDDRRUULURDDRD
124756809a3cdebf	LDDRUUULDRDD
12349578edab60fc	ULDRULURDRRD
02341a68597fdecb	DDRURDDRULDR
162495370eb8adfc	DRULURURDRDD
12345678dfbca9e0	ULLDLURDRURD
1473902af65bdec8	RRULLDDLDRURULDRRDLLLUURRRULDRDD
34b8a07c621d95fe	DRRDLURULULLDRDDRUURULLDLURDDLURDLDRRR
12345678adcf9eb0	ULDLULDRRR
234715689a0bdefc	RUULLLDRRRDD
3478a26b019c5def	URDLDRURUULLDRRRULLLDDRRULDDRR
1234578bd6ace9f0	UULLDDLURRRD
5437218c0ea69dfb	DRURRULULDDDRRUUULDDDLUULURDRRDD
912cd6845a3fe07b	ULUURDDDLUURURDRULDDDRUUULDDDR
12f3764ba9e850dc	ULDRRUUULDLDDRRRULURDDLUULURRDDD
623cad4f0915e78b	URURDDRUULLDDLURRDDLLUURRULLDRURDDDRUULDDR
263417a859fbdec0	LUULULDDRRRD
17629a30d548ebfc	LLDDLUURRDLUURRDLLURRDDD
1307528496fbdaec	RDLULDDDRURD
018352bf97e4d6ac	RDDDRUURDLUURDLLDDRURD
51039264ba7cde8f	DLDLUURRDDDRULLUURRDDD
398b2a64d5f7e01c	RUULDDLURUULDDRURRULDDRUULLLDDRURDRD
31b420c65987defa	ULDRDDRUURDDLURDLLUURULLDDRRURDD
12347e8cd596a0fb	LURULDDRURRDLLLURRRULLDDRR
6348201c5e7a9dbf	RDRUULLDLURDLDDRURDR
6204713f58bcd9ae	LDLURRDDLDRRUULDRULLLDRDRURD
2634d078e1fc5ab9	DLURDRDRULLDRULLDRUUULDDDRURRD
9401adc265b7ef38	DLDRDLURUULDDRUURDLLLDRULURRRDDDLLLUUURRDRDLDR
2c341a6095b7de8f	LLURDLDRUULLDRRRDLDRULLURRDD
634970f821bc5dea	URRDDLUULDLDDRRUULDRRDLURUULLDLURDLDRRDR
16543b2897ecd0af	RULULURRDLULDRURDDLDRR
784620cb5aef1d39	DLDRRUUULLDDRDRURDLURUULDLDRURULLDRULLDDRRRD
234851b706dfa9ce	URDRDRULURULLLDDDRULDRRR
0a3b216958d4efc7	DRULDRRRULLDDRULLDRRURDDLLLURUURRDDLURDD
51026a439be8fdc7	RDDDLURULDLULDDRULUURRRDDLLDRURD
2185d9360ac4eb7f	URRRDLUURDLLURDDDLLUURULDRRDDR
6123b7da0594cef8	UURDRRDDLLLURULDRRDLLURRDLUUURRDDLULDRDR
2574b3186efa9dc0	ULDRULLLUURDRULDLURDDLDRRULDRR
93c486701edab52f	LULDLDRDLURRRULLULDDRRDLURRULLULDRDDLUUURDRDDR
162453780db9face	RDRUULURDDRDLLURRDLLLURRDLURRD
230a1648597fdecb	DDDRUUULDRDLUULLDDRRDR
1204563b978cdaef	DDLDRRUULDRD
36852c7401eb9fda	RUURRDDLLDRURDLULUURDLULDDDRRURULULLDRDRRD
014752689a3fdecb	RDRDDRUUULDRDLDR
a1042578693bdefc	DDLUULDRURDLULDDRRULLDRRRD
9651bac2ef037d84	URDDLULLDRULUURRRDDDLULLUURRDDLULURRRDDD
f538a47c610e9db2	ULDLUURDLURRDLDRRDLURULDLURDRUULLDDLDRRRULDR
51239674db08eafc	LDLUUURRRDDD
0b3462189d57eafc	RDRDRUULLDLURDLDRURDLDLUURURRDDD
1a369b5047e2d8cf	ULLDRDLLURRRDLLUURDRDLDLUUURDRDLDRULLUURRDDD
1234578096ecdafb	DDLURULLDDRR
39741268bdfe50ac	ULURULDDDRRURDLULURULLDDRDRR
263417ad0b98e5fc	DRURURDDLUULDRDLULDRUUULDDRRDR
12735b40a6fe9dc8	LDRDLUULDLDRRUUURDDD
6154a0c2d73bef98	DRDLLUUURDDRRDLUUULDDLURRRDLLLURRULDDRDR
7532fe4b160c9da8	DRUULURDDLDLUULDRUULDRURDDLDRURULLDLDRURRD
126347ca5e089dbf	ULLURRDRDLULULDDDRURDRUULURDDD
1b362e470f89d5ac	DRURRULDLUURRDDLULDRDLULDRUULDDRURUULDRRDD
a2016b845d3c9e7f	RDLDDLUUULDRURDDLULURDLDDRRR
012b56849a3fdec7	RRDRULDDRDLURUULDDRD
7263d054b1a9fec8	DDLUURRULLDRRDRDLLLUURURRDDDLLURULLDRRDR
028354a61bec9df7	RDLDDRURURULLLDRRRDDLLURRUULDDDR
516430289bf7daec	DDRURDLLUULURDRULDRDLDRR
e31cf54abd629870	LLULURURDDLLUURDLDDRURRUULDDDLUURULDRDRDLLURRULDDR
e2487fc6d1b359a0	LUULDLDRURUULDLURRDRDLLULDDRRRULLURRULDDDLURDR
512497386abcd0ef	ULUURRDLDDRR
3754268c9a1fbde0	UULULLDDDRURULDLURRDLURULLDRDDRR
5173a26bfe049dc8	LLUURDRRDDLULLDRRUUURDDD
1268574cde9ba3f0	LLURDLLUUURRDDRUULDLULDDRDRR
51342a6897bcd0ef	RULULURDRDDR
1273506bacf49de8	RDLLDRRUURDDLUUURDDD
123495680d7cabef	RDLUURRDLDRR
25361780ac4f9deb	LDLLDRRRUULLURRDDLUULLDRRDDR
1a23e57b0d6489fc	DRULURURDDLLDRUURRDLUURDDD
124756b39af8d0ec	RUURULDRDD
510263749ab8defc	RDLLLURRDRDD
51472ae308f6c9db	DRRRULURDDLURUULDDLLDRRRULLULURDRRDLDR
123456c79afbd0e8	RURDLUURDLDR
9124d870a3fbe5c6	DDLUULDDRURULLDLUURRDDDLLUURRDRD
156784290df3eabc	RRDLUUURDRDLLURDDLLURULDRRULURRDLDRULURDDD
124ba957d6e3f08c	LUURDRRUULLDRDDLULURURDDRULDRD
97541032a68cdfbe	URDRULDLLURDDDRRULLDRULLUURRRDDD
0364127859acdebf	DDRRUULDRDDR
25341078d6bca9ef	ULDRDDLURDRR
71846b3c2def50a9	UULDDRUUULDRRULDDRDRUULDDLURUULLDDRRDR
123756f4adcb90e8	RURDLLUUURRDDLUULDDLDRRURD
651293a0e784dfbc	DLLURDLLUURRRDLDDLUULURRDRDD
a723e05461f89dcb	DLURRULLDRURDLURRDDDLUULDLDRURRD
01a352849e6cdf7b	RDDRDRULUURDDLLURDDLUURRDD
2c731a846bde59f0	LUUULDRURDLDRULLULDDDRRULULDDRRR
234715689a0bdefc	RUULLLDRRRDD
12046e975ca3dbf8	RDDDLULURRULDRDLDLUULDRRDR
654ad3892e1fbc70	UULDRUULDLURDDDLULURDDLUUURDRDDLUURRDLULLDRRDR
1953ac24b60f78de	LUURDDLDRRULLLDRRRULLLURURRDDLLLURRDRD
184f50c29d36eba7	ULDDRRURULDDRULLDRDRUULLDRDLLUUURRDDDR
57326014e8a9bdcf	DDLURRRUULDLDRURDLDLLURUURDLLURRRDDLDR
5134a98b062fd7ec	URDRRULLDDRULLUURDRDRD
5ea36c241d9bf078	UULDDRULURURDDDLUURDRDLLUUULDDRUULDRURRDDD
16a472c8593fdeb0	ULUULDLDRURURDDLLURRULDDDR
1348527c960fdabe	DRUUULLDDDRR
12346a705fb89dec	DLLULDDRRURD
12349567daf8e0cb	LUURRRDDLURD
0124d53769c8ebaf	RRDRDLDLULURDDLURRDR
568a9243fd17ebc0	LLULDRULURRRULDLURDDDLUURRDLURULLDLURDDRRD
12345680d97aefcb	LDRDLLLURRRD
1234a7d9ec0856bf	URDDLULDRRULULDLDRURULLDRURDDR
51739264dab8e0fc	LUUURDRURDDD
1748e3a5b26f9cd0	UUULLDDRUULDLDRDRURULDLURRDLLLURDLDRRULDRR
34b76e9251da80fc	LURRRDLLUURULLDDDRUUULDDRRDRULURULDLURDRDD
12739564da08efbc	DLLUURRURDDD
397412b86d0cea5f	ULULDDRDRULDLURURULDLDRRDR
170852369afcde4b	DRDLDRUUULLDRDDRUULURDDD
ed62934715afb08c	URDRUULLULDDRUULDDRDLURUURRDDLDLUULDRUURDRDLDR
51349720a68cfdeb	ULDLDLDRRRULDLULUURRRDDLLDRURD
1328574f06ec9dab	URURDLLDDRRURUULDLDDRRULDR
5123fab096e4dc87	DDLLLUURDLUURRRDDDLULLDRRUURDD
237896a4d1cfe5b0	ULURULDLDDLUURDRDRUUULLLDRRRDD
124893af6e05dcb7	RDLLURULDLURDRRUULDDDRULDR
1248563b9eacd07f	URDRUUULDDRD
91053274d6a8efcb	RDLLLURDRULDRRDDLLLUURDRRD
12349568da07ebfc	RDLLLUURRDDR
52347a10986cdbef	ULDDLDRRULLUURDLLURRDLURRDDD
12045638ab7e9dfc	DDRDLULLDRRR
51342078d6ace9bf	LURDDDLURRDR
1348527b96acd0ef	RRUUULLDDRRD
72b360e415c89daf	LDRRUULLDDDRRULUURRDDLULDDRR
61342a785b0c9def	LULURDLDDRRR
1b236d74580fa9ce	DRULLUURDLLDDRULDRRRULUURDDD
14675238d90faecb	UULDRDDLLURDRRUUULDRDLDR
1642a580973cdebf	LDDLLUURDLDRRRUULURDLLURRDDD
e3b214807ac569df	LURDLDRULLULDDDRUUURDLDRULLDRDRURUULDLLDDRRR
5174f29e6b0c3ad8	ULDRRULLLDDRUULDDRRURDLUURDLLULURDRULDDLDRRURD
51349027ab68defc	RDLLUURDRRDD
5481923c6b7fd0ae	RRUUULLDRRULDLURDDLLUURDDDRR
5147e260d9b3afc8	DDLLULDRULUURDDLDRUURRULDRDD
01275483e6ac9dbf	RRRDLLDLDRURDRUULURDDD
36a429e7150fbc8d	DRULDLURUULLDDRDLURURULLDDRRDLUURRDLDR
2c843ea605db179f	DRUUULDDDRRURULLULDDDRRURULULDLDDRURRULLDRDR
253491760dfcea8b	RRDRULLDRUURDDLLLUURULDRRDDR
02f41b3796e85dac	RDRULDDLDRRUUULLDDRDRUURDD
51246078d3cbae9f	DRULLURRDDDLURRDLLLURRDRULLDRR
1248573c96bfd0ae	RRUUULDLDDRR
13f4802c97bda5e6	RDRDLURULULDLDRDRRULULDLDRRURULDLLURRDRD
6134278059acdebf	LLLURDLDRRDR
51079623bf48adec	DDLLDRRULLUURRDRULDRDD
513f26489a7bd0ec	UULURRDDRUULDRDLUULDDDRURD
123456f709c8daeb	RDRUURDDLURD
c5136024be7fa98d	LURRDDDRULLULURRDLDLDRRUUURDDLLLDRRR
513492780eac6dbf	DRULUURDDRDR
2684107f5a3b9dec	RURDLDRUULDRDLULULDDDRRURD
02741c3b6a8f59de	RRDLULDDDRRRUULDRULLLDDRRR
5d613947c2fba0e8	RULUURRDLDRDLLULDRRULUURRDDLDLUULURDRULDDLDRRR
127356a49e08dfcb	UURDDDLLURRD
162b9540d7a3ec8f	ULDRDDLLLUURDRRDLUUURDLLURRDDD
9324718cae56d0bf	URRULULDLDRURDLLUURDDLURRDDR
1467de58af2b90c3	ULURRDLLURRULDRRDDLLULDRURURDLURULDRDD
1248957306abdefc	URDRURULDDRD
1273b0c45aefd968	DDRUULLDRDRUULDRRDLUUURDDD
12635da4ec079f8b	LURURDDDLURDLLULDRUURRDD
26341a780dbc59ef	DRUUULDDDRRR
f17c5280d94e36ab	ULDDDLLUUURDLDRDRURUULDLDDRUURDLULDDRRUUULDDDR
5b086923da1ce74f	DDDLLUURURDDDLUUURDRULDDLLUURDDDRR
0924183cd5f76eab	DRURDRDLDLLURULDRDRRUULLDRRULDDR
5138926cda0bef74	DLURRDLURULDLDLUUURRDRULLDRDDR
058362149a7cdebf	RDRULDLURRRDLDDR
0a231954e687dfcb	DRRDLLURURRDLDRDLLUURDRD
9124673ad50cef8b	DRULDLLUUURRDRDLULDLURDRRD
137452a8960fdecb	UULDDRDRULDR
6534201cda87e9bf	ULDRRDLDLUURULDDRRRULDDR
a384627b15fe90dc	RUUULDLURDLDRRRULLDRULULDDDRURRD
123456b79f8cd0ae	RRULLDRUURDD
23f69b4851ced7a0	ULDRUULLDLURDRUURDDLUULLDRDDRULURDRD
2bc65a871e0493df	UURDDLULURRDDLLDRUULDLUURDDRUULDLURDLDDRRR
027315689a4bdefc	DRRDRULURDDD
1234678059ecdbaf	LLLDRDRULDRR
0234158c976adebf	DRDRRULLDRDR
1702598c6b34daef	LLDRRDRULDLLUURRRDLLURRDLLDDRR
523461709ab8defc	ULLDLURRRDDD
127356b49acfde80	ULDRULUURDDD
014359b2a678defc	DRDRURULDRDLLLUURRDDRD
035812476dbc9aef	RRDDDLUUULDRDLDRRUURULLDDDRR
65231e749a0cdb8f	DRULLUULDRURRDDDLLURDR
5148d73c0b6e29af	URDLDRURRUULDLLDDRRUULLURDDDRR
51239687de4ca0bf	RRULURDLLDLUUURRRDDDLULDRR
51679423dac8e0bf	LUUURDRULDRRULDRDLDR
124f5a36d90ce78b	RUULDDRULDDLLURURDDRUULDDR
243e108b56ac9d7f	URDLDRDRUUULDRULLDRDLUULDDDRURRD
528364c0a17f9deb	LLDLDRRRUULULDLURRRDLDDR
024853179d6beafc	DDRURRULLDDRULDDLUUURRDDRD
23045d7891ace6bf	LDDLURULDDRULDRDLUURDRDR
264ed58f170cab39	DRUULDLULDRRRUULDLDDRUURDDLUULULDDDRRULLDRRR
512367489abcdef0	UULLLURRRDDD
26341978d5abe0fc	LURUULDDRRRD
12c36ab498075def	UURDLLDLDRRUULLDRRRULDDR
02349e6b7da815fc	DDDRUULURDLDDRUURRULLLDDRRUURDDD
6283974c01afd5be	URDDLURRDRUULULDLURRRDLLLDDRRR
248715f6a30c9dbe	URULLLDRRRDLLURDDRUUULDLDLDRRR
2534917806fbdaec	URULDRDDRURD
162350749af8decb	URRDDDLURD
16025a739b84defc	RDDLLUURRDDD
6523914cab7fd0e8	RRUULDDRULLLUURDLURRRDDD
1603972f5dcbae84	DRDDLUURDDLLULDRRUULDLURURRDDD
5a679412d3cfeb80	UUULDLURRDDLDRULLDLUUURRDRULDDLUURDRDD
6287153b0f4c9dae	DRRRUULULLDRURRDLDLDRURULURDDD
394180562dbca7ef	LDRDRUUURDLLURRDLDLUULDRRULLDRRDDLLURDRR
81042a36ed579bfc	DDRDLLULDRUUULDRRRULLLDRRURDLDDR
270413685abc9def	LDRULLDDDRRR
120356849a7cdebf	RDLDDR
652391740ab8defc	UURDLURRRDDD
16239584ae7cd0bf	ULURURRDLDDR
610427385abc9def	DLLURDLDDRRR
12345678d9eab0fc	LURRRDLLURDR
a51296340df8ebc7	UURDLDRUURRDDDLURDLLLUUURRDDDR
12345678d9fae0bc	RURDLLLURRDR
1b247a3609e8c5df	DRULDRRULUURDRDLULLDDRURULDDRR
0348596b217ceadf	DRDLDRRRUUULLDDLDRULUURDRDRD
021b5984e37a6dfc	DRURDDLLDRULUURDRRULDDRUULDLDRRD
4b28103c6aed59f7	URDDRDLUULULDDDRRUUULDLDDRRURUULDDDR
2783196f05a4decb	RURULLDDRRURDLUURDDDLURD
012356749eb8dfac	RRRDDLDLURRD
e1345067d29abfc8	DRRDLLLUUURDLDRURRDDLLURDR
512d4fb87a039c6e	URDLULLDRDRRULULLURRDRULDRDLLDRRULULDRDLULDRRR
12675ab30e849fdc	UURRRDDLLDRULUULDDDRRUUURDDD
12085643ab7c9def	DRULDDLLDRRR
0934627815cbdafe	DRULDDRUULDDRRDRULLDRRULDR
12349578dbcfa6e0	ULLDLUURDDRR
534821609a7cdebf	ULLDLURDRDDR
528b6e3a0149dfc7	URDRRUULLDDRULLDRULURRDDRDLLURRUULDDRD
615793482becdaf0	LULLUURDLURRDLULDRDDRRUUULLDRRDD
5123978406abdefc	UURRRDLLDRRD
91bca0642f35de87	RDLLUURDRURDDDLUURDDLUUULDDRUULDDLURRRDLDR
26345178d9ace0bf	LUURULDDRRDR
61c3ab82ed07549f	ULDDRULLDRUURRULDDDLUULURRDRULDDRULDLULDDRRR
96d281a0e3745fcb	DDLUULLURRDLURRDLDLURDDLUULURRDDLLDRUULDRRRD
5173604b2ac89def	RRDLULLDDRRRUULLLURDRURDDD
123456b7ea089dfc	LLDRURURDD
24971538dac6e0fb	RUUULLDRRDRUULDDLURRDDLLLURRRD
512463709ac8debf	DLULLURRDDDR
396458c012a7debf	LLULDDRULDRRRULULDLURDRDDR
1846d03ca579eb2f	DLURDRRUULDLDRDLLURURDLURRULLDRURDLDDR
51239674abf8d0ec	RULLUURRRDDD
2348167e5d0cbfa9	DRUUULLLDDRDRULDLURDRURDLULDRR
12b46ef35da89c70	LLUULDDRURURDDLUUURDLDRUULDDRD
12345678ed0b9fac	DLULDRURRD
127356409af8decb	LURDDDLURD
783c54a6de0b192f	LDLURDRURUULDLDDRURULULDDLUURDLDRRUURDLLDRDR
270315b496a8defc	LLDRDRUURDDD
1234607859bfdace	LDRRDRULLDRR
12035674adb89efc	RDDDLLULDRRR
23691a840fe75dbc	DRURUURDDLUULDRDDLUUULDDRURRDD
9538b6f2710caed4	ULDDRULLUURDDLDRURRDLLUURRULDRDLLLUURRRDLDDR
5134a27896bcd0ef	LUUURDDLDRRR
234a785cb6091def	ULDLDRURRUULLDLDRRDRUULLULDDRRRDLLURDR
643a7b519208defc	LURURDLULDRURDLDLULURRDLLURRRDDD
a1235fc49607deb8	ULDLUURDLDRUURRDDDLUURDDLURD
1234d980eba6c5f7	DDLUURDLLDLUURDDRULDLUURRRDLDR
123456709ea8dcbf	DDLLURDRULDR
1234d57806fba9ec	URDDLURDRURD
164b5a32987cdef0	ULURULDDLUURDDRULDRD
1248573096afdecb	ULDLDRDRULDR
6378201c54eb9adf	RULDDDRUULLURRDDRUULLDLDDRRR
513420689a7bdefc	LURDRDRD
27015a64eb389dfc	DDLUURRDDLLLUURRDLLURDLDDRURRD
123456b7eda89fc0	LLULDRURURDD
1437208b596fdaec	LDRRRULULDDDRURUULDRDD
e10426387bac59df	DDLULURDDLURDLDRRUULLDDRURDR
12736ea405c89dfb	RULDDRRUUURDDDLLURRD
2374168c5abf9de0	UULULLDDDRRR
53749210d6c8fabe	DDLURDLLLUURRULDLURDDRDLURRD
230819476e5cdabf	DRULLLDDDRURDLLURULDRDRR
176453b2eacf90d8	RULLDRURRDLUULURDRULDLURRDDD
970325c416afde8b	LLDDRUULDDRULDRRDRULUURDDLDR
2603a7145dc89ebf	DLLURRRDDLDLUULURDLDDRRR
528367a4d90b1efc	DLLURDRUULDRUULDLURRRDLDRD
2534167809fbdaec	RUULDRDDRURD
240a567c9183debf	LDDLURRRDLURULDRDLULULDDRRDR
2d376084e1ab95fc	DDLUURURRDLULLDDRULDRDLURRRD
51279843d6eca0bf	LUUURRDRULDRDDLUULDDRRUULDDR
13b452760ed9fac8	RRRULDRDLLLURRUULDDRDLLURRURDD
2a041d38e56c9fb7	DDDRULDLLURUULDDRDLURURDRD
123456c7980fdaeb	LDRRULURDLDR
714e36259f08dbac	LDRURUULDDRULDRDLULUULDRRULLDRRULDDDRR
1624538c9ab7d0ef	RURULLURDDDR
0134528c76ed9baf	RDDLURDRRULLDRDLUULDDRURDR
913450782dace6bf	LDRULURDDDLUURDRDR
234715e89afb60dc	LURDRURUULLLDRDRURDDLULLDRRR
1387524096bcdaef	ULDRULLDDDRR
2634107859afdecb	ULDDRRDRULDR
612350c4a78fed9b	DLUURRRDLDLDRRUULLLDRDLURRDR
14785e2369bca0df	UURULDRDLLDRRUURULDLDLDRRR
6457128b9a3cd0ef	RRUULULDRDRUULLLDRURDRDD
1234568b9e0cd7af	DLURDRUULDRD
192360eb5af4d8c7	DRURDDLULDRULUURRDDLLULDRRURDD
01235674abc89def	RRRDDLLLDRRR
2638a04715fc9edb	LDRUURDRDLLDRRUUULLLDDDRURDR
238f9145670cdabe	RUULDDRULDLLURRDDRUUULLLDRDDRR
162450389e7adbfc	URDDRDLLURDR
420ca3b81fe795d6	RDDLLDRURDLUUULDLDRUULDDDRRUUULDRRDLURULLDRDDR
12735a649c8fdeb0	ULLURURDDLDR
4617298f05cad3be	RUURDDRULLULDDRDLUURDRDRUUULLDRRULLLDDDRRR
1528634bd907efac	DLLUUURRDLLDRRRUULLDLURRDDRD
1234567809abdefc	RRRD
1263d9875ae4b0fc	ULURDDLUURDRURDLUURDDDLLUURDDR
12045637eac89dbf	DRDLLLDRURDR
16279b405f83daec	DLLLUURRDLDDRUURULLLDRURDRDD
2518a3de6b0f794c	DLLURRULDDRURULLDLDRRURDLULLUURRDRULDLLURDDLDRRR
53049168a27bdefc	LDDLUURDRDRD
3248917065abdefc	ULDLULDRRULDLURDDLURDRRD
1234578096afdecb	LLDRDRULDR
5143e08627ab9dfc	DLUURRDLDLDRURURULLDRRULDDRD
a1342d786b0f59ce	DRULLULURDLDDRUULDDRRR
23486bc7150f9ead	ULLDRDRRULLDRUURULLLDDDRRR
09147532d68aebfc	RDLURRDRULDDRDLLLUUURRRDLLDRDR
13b798e4520fda6c	UURDLLDLDRRURULULDDDLUURDDRURD
a147809fc26b5ed3	DDRRULLLUURDDLDRURDLUURDRUULDDDRULLULDRURRDLDR
134890275ef6adbc	DLDRRULURDRUULLDRDRDLLULURRDDR
a6c19023584bd7ef	RURDLDRULLURDLDDRUULLURRRDLDLULDRURDDR
382c1547ea0f9d6b	UULLDRDLDRUURDDRUUULDDRUULLDRDDR
35412a7bef8c90d6	URDRUULURDLLDRDLULDRURULURRDLLULDRRULLDRDRRD
01345278a6cf9deb	RDDLDRRRULDR
0b2315c6a7489def	DRURDDRULURDDLURDLLURDLLDRRR
12489530a76bdefc	ULDDLLURRDRD
234816705eac9dbf	ULLLDDDRURDR
1273a564bd0c98ef	DLULURRDDRULUURDDDLULLDRRR
7103c5f4a68e9db2	LDLURRRDLDRDLURULLLDRRULDLUURDDLDRRRULDR
1524938bd607aefc	RULLURDDDLLUURDDRURD
127894bcd30f56ae	UULDDDLURDRRUULULDDLURRRULLDDDRR
137452a8d96ce0bf	LURRUULDDRDR
51239674abf8dec0	LULLUURRRDDD
7b1395d4f602aec8	UULDDDLURRRDLLLURURDDLLUURULDRRULDDRUURDDD
0526ade17984bcf3	DRDLURRRDDLLUURURDDLDLLUUURDLURRDRDLDLUUURDDDR
012456379ec8dbaf	RRDRDLDLURDR
134752b09a86defc	DLURULLDRRDD
1304a296e7c85dbf	LDRRDLLLDRUULDRURDDR
6483912fc50ebda7	DRUUULLDDLURRDDLLUUURDRRULDDLDRRULLULDDRRR
613b57c0e2a49df8	DLULDLUURRRDLULDLDDRRURDLLURURDD
13c46028ad7f5eb9	RURDLDDRULDLULDRURRUULLDLDRDRR
51349268da7befc0	LLLUUURDRDRD
1354d278f6ec9ba0	LUUULDRDDLLUURDDLURRDRULDLURRD
62075fb319c4dae8	DLLDRDRUUULLDRURRDDDLUUURDDD
120369845adbefc7	DDLURURDDDLLUULDRDLURRRULDRD
1247503896fbdaec	DDRURUULDRDD
12736a48590fdceb	LDRRUULDLURURDDLLULDRRDR
3274a5b096c8d1ef	DLLDLUURULDRDRUULDLURDDLDRRR
124756389b0cdaef	LDRRUUULDRDD
12345678afbc90de	RRULLLDRRURD
51249683abcfde70	ULDRULURDLLLUURRDRDD
12035674dac8e9bf	RDDLLDLURRDR
51a269847e3cdbf0	LLUULDRULURRRDLDLUURDDLURDDR
3a2460781edb59fc	ULDDDRURDLUUULDDDRRUULURDDRD
71236a48590bedfc	DLUULURDLDDRRULLDRURRULLURRDDD
2634d1ac09785efb	URRDRDLLULDRUURDRULLULDDDRRR
0b2361745de8a9fc	DRULDDDRUUURRDDDLULLDRRR
1952ad7ceb43f068	LUURURDDRULURDLDDLULURURDDRDLLLUURRRDLDR
134752689a0cdebf	DRUUULLDRRDD
248653ab17fce0d9	RRUUULLDDDRUULLDRDLURRURULLLDRRDRD
5148962cd73feab0	UUULDDLDLUUURRDDDR
1706e928ac43bd5f	DDLDLUURURDLURRDDLDLULDRURUULDDLURRRULDDDR
12345678db9ae0fc	URRDLLLURRDR
19275438da0bef6c	ULURDDDRUUULDDLURRDDLLLURRRD
56239170ea84fdcb	ULLDDLDRULUURRRDDLLUURRDDDLURD
162495380e7badfc	DRULURURDDRD
123c5a406eb89df7	ULLLDDDRURRULDLULURRRDDDLURULDDR
514763c2ad089ebf	URULDLLURRDRDLDLULDRRR
51b4d273e6ca90f8	LUUURDDDRURULURDDDLLLURRURULDRDD
0978264c13ef5adb	DRURDLDDRUURULLDLDDRURUULLDDRDRRULDR
123495786bcfd0ae	RRULLLURDDRR
23041a685e7b9dfc	LLDDDRUURDRD
247815f3b60e9dac	UULLDRDLDRRUURULDDRDLULDRR
5174938c062fedab	RDLURRDLLUUURDDDRRUULULDDRDR
160457329ab8defc	DRULDLURRDDD
b20713e6af5c9d84	DDLURRDDLUUULLDRDRUULDRRDDLUUURDDLUULDDLDRRR
4806237ba1cf5d9e	DRULLLDDRDRRULURULLDLDDRUURRULLLDDDRRR
13045278d69cebaf	LDDRDLLURRDR
5431697f0e82adcb	DRULURURDRDLULURRDLLURRDDDLULLUURRDLDRRD
124756389eacd0bf	URDRUUULDRDD
72c31584ad6b90ef	URUULLDRURRDLDRULLDLDRRR
87062453b1fca9de	DLURRDLLULDRURRDDLULDLURULDDDRRRUULDLLDRRR
12089546edc3f7ba	DRDDLURDLLLURRDLLUURRRULDDRD
18635bc72a049def	UULLDDDRUULURDRRDLUURDLDLDRR
1e7450369b28adfc	URDDLULDDRULURRRULLDRURDDD
230b16745a8f9dce	RDLDDRULUULLDDDRRRULURDD
51342a689e7bdfc0	LLUULURDRDRD
124756b30af89dec	DRRUURULDRDD
12346a785d0b9efc	DLUULDDRRURD
ba3460175d92efc8	RULDLURDLDRRRDLLLURURULDRDLURULDRRDD
7e53104892d6abfc	ULDRDRDLURRULULDLDDRUURDDLULURRURDDD
1962d573aeb4f0c8	LUURURRDDDLLUUURRDDDLLLURDRR
25481ebf037c9d6a	DRRRUULDLUULDRRDLDRURUULDLDDRURD
51237684d90caebf	DLLURULURRRDLLDDRR
538b2140967fdeca	ULDDRDLURUULLDLURDDRRD
2513d794086eafbc	UURDDRULURRDLLLURDDRDLLURRRDLULDRR
51739264dab8e0fc	LUUURDRURDDD
51739b82dc046eaf	URDLLDLUUURRDLURRDDLLDRUULDDRR
5147d03826b9aefc	DLDRRURUULDLDLUURDDRDLLURURRDD
16245378d9abe0fc	LURRULURDDRD
140756b32dace98f	LLDDRULURDDDLURRDRULURULDRDD
51046a273bcf9de8	DLDLDRRUULDRRDLUULLURRDRDD
1627d0439a58fecb	URDDLDLURURRULDRDDLLLUURDDLURRRD
56d27084ef3a19bc	URRDLDLUULDDRULDDRUULDDRRURDLLUUULDRURDLDRDR
120356c4ea879dbf	RDDLURDLLLDRURDR
1248e36c05a79dbf	UURDDLDRURRUULLLDRRDDR
127360b45ea89dfc	LDDRURUURDDD
12476ba3df0c5e89	DRULLLDRRUULLDRDLURRURULDRDD
162a5430d978efbc	LLURRDLULDRDDLLURUURRDDD
140853269a7bdefc	LDRRULLDRDRD
051367249ab8defc	RRDLLURRRDDD
518392c0d6bfae47	DLDLLUUURDDDRRUULDDRUULURDLDDR
2634d178a9bcef50	ULDLLUURDRDLLURUULDDRDRURD
194f73c0d82b5ea6	ULLDDRDRUULLDLDRRRUULULDLDRDRUULDRDLLURRDR
51239674aec8d0bf	ULUURRRDDLDR
ec845023b16a9fd7	URDLDDRUURDLLLURULDDDRUUURDRDLLURDDRUULDDLUURDDR
348712cf590ad6be	RUULLLDDRDRUURULLDDDRRULLDRR
12835a640e7b9dfc	DRUURURDLDRD
136250749ab8defc	URRDLLURDRDD
26341e7805ac9dbf	RUULDDDRURDR
534827bc06ed19af	DRRURUULLLDDDRURULULDDRDLUURDDRR
d954a021b637cef8	DLDRULUURRDRULDDLLUURRRDDDLLLUUURRDRDLDR
1826a7b0593cde4f	LULDLDRURDDRUUULDRULLDRDRULURDDD
512760439ab8defc	LURRDRULDRDD
5247b38c910fd6ae	ULDDRRUUULLDLURRDLDDRRULURDD
2514a368d97cebf0	LUULLURRDDDLLURULURDRDDR
1673a584fb029dec	UURDDLURULDDLLURURRDDLLLDRRURD
1e36527409bcda8f	RUURRDLLDRDRULUULDRRDDLULDRR
970431a862bcd5ef	LDLURDDDRUUULDDLURDRDR
16237a480e9cd5bf	DRURDLULDRUULDDRRRUULLURRDDD
123456fb9ea7d0c8	URURDDLUURDD
230415b8976cdaef	LLDRDRULDDRR
7854c296db03a1ef	ULURDLDDLURRULLDRUULDRRRDLLURRDLLUURDLDDRR
1c537d640eabf289	RDLUURDRUULDRURDLDDLULURRDDRULLDRRUULDLDLURRDR
012356849a7fdecb	RRRDLDDRULDR
128395a4d70ceb6f	DLLUURDRUURDLLDRDR
230415689a7fdecb	LLDRRDDRULDR
2567ae3041c89bdf	DLLDRRUULDLULDDRUULURDRULDLURDRRULDRDD
16235d408e7ca9bf	LULLDDDRUULURRDLURRDLDDLULDRRR
237d914bfc586ea0	UUULDDLLURRRDDLUURDDLULDRURUULLLDDDRULURDRURDD
d134607892bac5ef	DDLUUURDLDRURDRDLLURDRULULLDDRRR
a526b1739d048ecf	ULLDRDLUUURRRDDLDLUURULDLURRRDDLDRULLURRDD
728163405bec9daf	LURDLLULDRURDLLURDLDDRRULDRR
263451a709f8bdec	DRULURDDRUULULDDRRURDD
67532041daf8e9cb	URDRULDRDDLULDLUUURRDLLDRULURDDRRD
01279543dcf8e6ba	RRDRULDRDLLDRRULDLLUURDRDR
12345a6709bfdec8	RURDRDLUURDD
160357249bc8daef	DLURRDDLLDRR
01235a7469b8defc	DDRULURRRDDD
d6489af3521eb7c0	UULDLURDLDRURUULLDLURRDDLLURDDLUURURDDLDRRULLDRR
6134297805abdefc	RULURDLDRRRD
184259736b0fdace	UURDLULLDRRURDLDDRULLLUURDDDRR
527361b49a08defc	UULDLURRRDDD
1653b024897cdaef	LDRULURRDLULDRURRDLDLDRR
123457a8096fdecb	RRULDRDRULDR
a1475028ef639cdb	RDDLURRDLLULUURDLDDRUURDRUULDRDD
1284a9573e0cdfb6	DRULDLULURRURDLDLLURRDRUULDRDD
120867435abc9def	DRULDLLDDRRR
16274f3059abde8c	LLLDRRDRULULURDRULDRDDLURD
a28f154b936cd0e7	RRUUULLLDRURDDLURDDRUUULDDDRULDR
42d736581f0ea9bc	ULULDDDRURRULULLDDRRURULLDDRDLUULDDRUURRDD
51f426b79e03dac8	LULURDRURDDDLUULDDRUURULDRDD
71635840dbace29f	LURDDLLDRUULDDLUUURDLDRRRULLDRDR
1248a063597bdefc	LDRURRULDDRD
16275a4309b8defc	RUURDRULDRDD
130256e79fb8dac4	LDRURDLDRDLLUUURRDDLDLURUURDDD
12b37e846d9c50af	UULDDRURUURDLDDRUULLLDRRRD
1268ed430a7c95bf	UURRDRULDDLDLURUULDDRDLURRDR
512a9384670cdebf	LUURRDLULDDRULDLUURRDLDRDR
0147928fa563bdec	RDDLDRULURDRURDLULDDRUURULDRDD
13e426d75b08a9fc	ULDRULLDDRURUULDDRURDDLULLDRRR
1a3427b856f9dec0	LURDLLURULURDLLDRDRUUULDDRDR
530f69241dcaeb87	DRULLLDDRRRULDDRULLUULDRRURDDLDLLURUURDDDR
123467b05ae89dfc	DDLUULLDDRRR
518c63209ab4def7	DDLUURULDDRUULDLLURRDDDR
0518e64b9237dafc	RRDDRUULDLDDLUUURDDLDRUURDRD
5387614c2d0be9fa	RDLURUULDRULLDLDRULURDDDLURRDR
13269570db84aefc	DLUURDDDLLLUURRULDRDLDRR
28549031a67cdebf	URDRULDLDLUURRRDLLLURDRDDR
017cd6384e2fa59b	RRDDDLULURDRDRUUULDLDRRULDDLLURUURRDLLLDRDRR
d91352a64e87b0fc	ULUURRDRDLLLUURDDDLUURRDRULURDDLURDDLLURDR
270315649ac8debf	LLDRRURDDLDR
93287145ea0bfdc6	UULDDDLURULURDRRULLDRDRDLURULDDLLUURRURDDD
512c94a3f68ed07b	RUULDRDLULUURRDRULDDDRUULDDRULLDRURD
527391b4d608afec	UULDDDLUUURRRDDLLDRURD
14625e37ba089dfc	LLDRUUURRDLLURDRULDRDDLLURDR
124867305afb9dec	ULDLLDDRRURD
e302754c96afd81b	LDDDLUURDRDRUULDLLUURRDLURRDLLDLUURRDLDLDRURDR
613420785dcba9fe	LURDLDDRURDRULLLDRRRULDR
12345678db0fa9ce	DRULLDLURDRR
5bd19f206a43ce87	DLLDLURUURDLURRDDDLLUUURRDDDLLULDRULUURDDRURDD
162450389b7fdace	URDDDRULLDRR
1234568f9a7bd0ec	RRUULDDRULDR
1234507896ecdfba	DRDRULDLURRD
1723586bafe49dc0	LUULDRURDLULURRDDLULDLDRRURD
26345078a1bc9def	DLURULDDDRRR
f924603751a8decb	DLUURDLURRDLDLURDRURDDLURD
038427ac19bf56de	DDDRULDRRUUULLDDRRDRUULLLDDRRR
136452789a0cdebf	UULDRDDR
51349627cd08abef	DLUURDLLUURDRDLULDDRULURRRDLDR
31485ab792cf6de0	ULULULDDDRRUURULLDDLUURDDRDR
5134a26c0be7f9d8	DRULUURDRDLDRUURDDLUURDLLLDRRR
02341578b6ec9daf	DRDLDRRULDRR
186352749a0bdefc	UULDRURDLDRD
523b614f9a08de7c	DRUULDRUULDRDDLUUULDLURRRDDD
512396740bc8daef	UURRRDDLLDRR
973425ab1e086dfc	URULLLDDDRUUULDDRULDRRUURDDD
127350b496afdec8	DRRDLUUURDDD
a307964825ec1dfb	DLLDDRRRUUULLLDDRUULDDRRDLUURRDD
12345680d97aefcb	LDRDLLLURRRD
517420389eba6dfc	LDDRULUURRDDRUULLDDRUURDDD
3468217b0aef59dc	DRRUUULLDRRDRUULLLDDDRRURD
280b143c957fde6a	LDDRDRUUULLLDRDRDRUUULDLDRRD
16249537abf8d0ec	RULLURURDRDD
09381542c6f7ebda	DRURDRDLLLDRRRULLDLURURRDLURULLDRDDLLURRDR
168250349a7cdebf	RURDLLURDDDR
134752b09a86defc	DLURULLDRRDD
12549638de0fca7b	UULDRDDLLUURURDDDLURDRULDR
237419685c0eabdf	LURDDLURRDLUUULLDDDRULDRRRULDR
124857f3960bdaec	URULDLDDRURD
51079243b68cdefa	DDLLUURDDRULDDRRULDLURURULDRDD
510493c86da7e2bf	RDLLLDRDLUURDLUURDDRRUULDDDR
25341a689e7cdbf0	LLUUULDRRDDR
2348156b9a07defc	RUULLLDRRDRD
51249637eda8b0cf	LURRDLLUUURRDRDLDR
345821e096c7dafb	DLUULLDRRRDDLURUULLLDRDDRR
1304528b967cdaef	LDDDRRUULDRD
05349167d2b8eafc	RDDDLUUURDRRDD
51b39264af07cde8	LLDRULUURDRURDDLLDRURDLUURDD
1e6250439dcfa8b7	DDRRULLUURRDLDDLUULDDRULURURRDLDDR
a62415380dbc79ef	DRUULURDLDRULURRDLLDDRRR
417852b3d9fa60ec	LUUURDLDRDRURULLDRRUULDDRUULDRDD
162450389e7cdbaf	URDDDLURDR
57b12d34980ce6af	UURDLDLUURDDDRUULLLDRDLUUURDDRRD
12345678dbeca09f	RULDLURDRR
2534609b71c8daef	LDRURRDLLULDRRULULDRDDRR
1623a7c05e849dbf	DLULLDDRUUURRDDLDR
234b16c70a8fd59e	DRRRULURULDRDLLLDRURUULLDDDRRR
75231ab4e6f890dc	RUULULDRURRDDLULDLDRURRD
95674123dacfe0b8	RULDLUUURDDLUURRDLDRRDLUULURDRULDRDD
128457af9603decb	UULDDRRULDDRULLUURDLDRDR
127350b496afdec8	DRRDLUUURDDD
1a2895640d73efcb	RRURDDLLLUURURDDLURRULDDRD
3408126fad7b95ec	LLDDDRULDRRRUUULLDLDRURDDRULDR
6158924bae3fd0c7	ULUURDLURRDDRDLURUULDLULDRRDRD
1562a9b3c847def0	ULUURDDDLULLURURRDDLLLURRRDLDR
1a24307c586f9dbe	URDDLULURDRDDRUULULLDDDRRR
2c041673985fdaeb	RDLDLURULLDRDDRRUULURDDLURDLDR
16049537a2cfde8b	LDDRULURDDDRULLLURURDRDLDR
162395c0da84bfe7	DLDLLUURDRRDLLUUURRDDLURDLDR
38b4a25f9c17e06d	LUURURDDLURULLDRRRDLLDRRULLDRUUULLDRDLDRRUURDD
1248563c0a7f9deb	DRRRUUULDDDR
1b425673ad8c90ef	UURURDLDLUURRDLDLURDLLDRRR
51486e97f2c3bda0	ULLLDRUURDDLURRDLLULURRRDLURULDDLLUURDDDRR
12345678da0be9fc	LDLURRRD
95813274a60bdefc	UURDLLLURRDLDLUURRDDRD
234716b85d9caef0	UUULLLDDRRURDDLLLURDRR
5124738e9f0bd6ac	LDRURULDRDLUULLURRDLDDRR
1348627c5abf9de0	UUULLDLDDRRR
12345678d90cefba	DRULDLLURRRD
2a361d785bf490ec	RUURDLUURDDLLUURDRDDLLUUULDDDRRR
95347df2ce8ba160	UULDLLURDDRURULLDLUURDDRULDDLUUURDDDRRULDR
25036814d9fcae7b	DLLURRRDDLDLLURULURDDDRRUULDDR
54236a8b1d07e9fc	ULULDDRDLURRULULDRDRRULLURRDLDRD
127356f09ea4db8c	DDLLURRDLUUURDDDLURD
01345278fabc6d9e	DDDRULUURDDLDRRRULLDLURDRURD
02b315649a87defc	DRRURDDLURDD
6254ed71b938f0ac	ULURRDLUURDRDLLDLUUURDRULDLURRDDDLLURRRD
1a6ed73249bf50c8	ULURURDDLLDRUURRULDDRULDRDLUULLDDRRUULURRDDD
1f2356eb9708da4c	DRULURDDLUULURRDDLLURDLDRURD
6324a518097fbecd	RDLUURRULDRDDRULLDRULLUURDLDDRRR
e1237564fd0a9cb8	RDLLULUURRDDLLURRURDDDLULLDRUURDRD
164593f2de78a0cb	UURRULDRDDLULURDDLLUURURDDLDRURD
16025d84f7abe9c3	RDDDLURULDLLDRUUURDDDLULDRURRD
61b293748cafd05e	RULDRRULUURDLLLDRULURRDLLDRDRRUULDRD
512396a8074bdecf	UURDRDDRULLDRRUULDDLUUURRDDD
1a036b4d9e275cf8	DDDLUURRDLUULDDRRULURDDDLLULDRRUULLDRRURDD
124853bf6d7ca9e0	UULDLLUURDDRRUULLLDDDRULDRRURD
513420689a7cdebf	LURDRDDR
1723654b9a0cd8ef	LDLUURDLDRRRUULLURRDLLDRRD
12485a63d97ce0bf	LURURRULDDDR
914e32c08f65d7ab	DLULLURDRRULLDRDLLURDDRURULLDRRDLURULLDDRR
367412c85abfd09e	UUULDRDRUULDLDDRRRULLDLURDRR
634217c059b8aedf	ULLLDDRDRUURULDLLDDRULURURRDDLDR
581637b29a04defc	ULURRDDLULLURRRDLLURDDRD
561492380eb7dcaf	URURDDLDRULULURRRDDLURULLDDDRR
12045738d69cebaf	DLDRDLLURRDR
3714a52c068b9def	UURDLURRDDRULLLURRDLDLDRRR
1623a0745eb89dfc	LDDRUUURRDDD
8134e6d7b9025acf	DLLUUURDRRDLLDLURULDRRURULDLURRDLDDLLURRDR
12346a785d0b9efc	DLUULDDRRURD
b41385a0672d9ecf	LDLUURDLLURDLDRRRULLURRDLLDRRDLLURRULLLDDRRURD
12735ba496f8d0ec	RUULDRUURDDD
1273956bae0cdf48	DRULDLULURRRDLUURDDD
06a745231eb89dfc	DDDRURUULLDRRDLURULDRRULDRDD
51249637da08efbc	DLLUUURRDRDD
b9538e106fc42d7a	DDLULULURRDLLDDRULUURRRDDDLUURDLULDLUURDDRURDD
123456780abcde9f	DRRULDLURRDR
02341568d97befac	DRRDDLLURRRD
123450679ac8debf	RRDLDR
276413fcad9850eb	ULDRURUULDRRDLUULLDDRDRRULDR
134862705afb9dec	ULLDLDDRRURD
017853e69f24dcab	RDRDDLUURURDDDLLURUURDLULDRDRD
01345278a6cf9deb	RDDLDRRRULDR
23861e4f0d957cab	RRDLLURDRURUULDDLURRULLLDRRDDLURDRULDR
1374692805bcdaef	RURULDLDRDRR
512360b497a8defc	DRULLURRRDDD
b56c14289ed7a0f3	URRULLULDDRRRDLLLUURURDRULDDRULDLUURDDLDRR
12345a67d90befc8	RDLLLURURRDD
162453789a0fdecb	ULURDDDRULDR
1524e9360ab78dfc	URURDDLLDRULURRDLURRDLLURRDD
b927143fdc0856ae	ULULDRURDDLDLURDRRUUULDLDLURDDRURDLUURDD
123450b7d6f8a9ec	DDLURDRUURDD
12345678adfb9ec0	LLULDRRURD
06241938d5fbeac7	DRDDLUURURDRDDLURULDRD
164c302895b7daef	RRULLDLURDDDRURULULLDRRDDR
61385072dbe4a9fc	RRULDRDDLULDLUUURRRDLLLDRDRR
174b6028a93c5dfe	DLDRUURDDRUUULDRULLDLDRDRUUURDDD
12375064d9a8ecfb	RDDLLURUURRDDDLUUULDDRRD
1364528c9a07debf	RULULDRDDR
238716c4590adefb	UURDLULLDDRDRURDLLURRD
318720a495bcd6ef	ULDRDDRUUURDLULLDRDRDR
053c2a7491b8d6ef	RRRDLLDDRUUULDLURDDRURDLDR
12735d640ce89abf	DRRULULDRDLUURRURDDLLDRR
12836ab057f49ecd	DLDRULUURDLLDDRUULLDDRURDR
17c463f2598ed0ab	RRUULULDDRRULDLURDDRUULULDLDRDRR
5b8361d497ce20af	RUUULDDRUURDLDRDLLULDRRURULLLDRULURDDDRURD
1234e597fbd6a0c8	LUURDRRDLLLURRULDRDLLURRURDD
12065d389ab4ef7c	DRULDRDLDLUULDRDLUURRURDLDRD
2a345168097cdebf	URULDDRURDDR
52a36170edb49fc8	LULDRRDDLLULDRUULURRRDDD
56187043f2eb9dac	LURRDRULDLDLUURDLDDRURDLURRD
563c40b781af9d2e	DRDRUUULLDLDDRUURDLULURRDDRULLURRDLDLDRR
1283564c9a7fdeb0	UULURDLDDR
234b51609fa7dec8	ULDDLLURRULLDDRURRDDLUURDD
a9241d78630e5cbf	LUULDRRDRDLLUUURDLDRULLDDRUULDRRDRULDR
12345b7fcd06a9e8	LLDRURRULDRDLLUURRDLDRULLLDRRR
0d1495e32a6cfb87	DRULDDRULDRRRDLUULURDRDDLLLUURDRDLULUURRDRDD
510b64872da3e9fc	DLLDRULURDDDLURRRUULDDRUULDDRD
f17326405ae89dcb	LLLURDLDDRUURURDDDLULDRURD
18a3572fd90c6e4b	DLLURURDRULULDDDRRULUURDLLDRDR
c7312650ed849abf	ULDRDDLLUURULLDRRULLDRRURDLDDRUULLDLDRURDR
14385ca9de0b276f	LDLURDRURULLDDRURULULDDLURDRRUULDLLDRRDR
274f1b309c68e5da	ULDDLURRDLLDLURDRRULLUULDDDRRUULDDRURD
123469d70bf85aec	DRRULURRDDLLUULDDRULDRRR
12345670d9f8aecb	DDLLLURDRURD
0e16b2735984dfca	DRURRDDLULLURDLDRURURDDDLLUURDRDLLURDR
2b0416385ace9d7f	DDRDLUULULDDDRRRULDLUURDLDRR
1234607b598adefc	RDRULLLDRRRD
12735b680df49eac	DRRULDLURRRDLLUURDLLDRRRUULURDDD
12735648d9abe0fc	LURRRULURDDD
248b1073965cdafe	RDLURRULLLDRDRDRUUULDLDDRURD
12045637d9c8ebaf	DRDLDLLURRDR
510726439df8eacb	DLLDRDLUUURDRRULDRDDLURD
2374168c5abf9de0	UULULLDDDRRR
9b132074a6cfde85	URRDDDLURULDLULURDRDRDLULLURRRDD
12475a6309b8defc	RURRULDRDD
02851463d79cbfea	RDDRDLLURRURULDRDDLLUURULLDRDRRUULDLDRDR
0348127b5a6f9dec	DDDRURRUULLDDDRURD
0924513ba8e6d7fc	RDDRRDLLUULURRDDLLURRDDRUULDRD
d162f54307b89aec	UURRRDLDDLLUURDDLURRDLURULURRDDD
1a02865eb7c39df4	DRDDLLUULURRRDDLULLURDDDRULLUURRRDLDLLDRRR
5104832b97c6daef	DDRULLLURRDLDRRULLDDRR
914a62307e58dbfc	ULDRDDLLULUURDDRULDLURDRDR
123456780abf9dce	DRURDRULLDRR
127356480eab9dfc	DRURRULURDDD
130452679af8decb	LDRRDDLURD
263419785e0cdbaf	DLUUULDDRRDR
1a2350749b68defc	URDDLURURDDD
01427be3a8dc596f	RDDLDRRUUURDLLURRDLLLDRDRUULDLDRRR
9c4183d025f7eb6a	ULLDRRDLLURULDLDRRDRUULLLURDDRDLLUURDRRULDDR
123456b7afe89dc0	LULLDRRUURDD
1623adb4e5089fc7	RDLLLURULDRDLURUURRDDLURDD
3247108b69ec5daf	ULDDDRRUURULLDLDRDRRULURDD
6374e51892fbd0ca	LUURRRDDLURULULDDLUURDLDDRURRD
35d49267aef8c01b	LUURURDDDLURULULDRDLURRULLDRRRDDLLLURDRURD
31842f7056ea9dcb	LLULDRDRRULULLDDDRURRULDDRULDR
51286730aed49bfc	LLLURRRDDDLUUURDLDLDRULLDRRR
916b5048c2a73def	DLDRRULULURRDRDLLLURDRDRUUULLDDRRULULDRDRD
342b158c0fd76e9a	DRUUURDLULDDRRRUULDDDRUUULLDLDRRDLLURRRD
12739064d5b8eafc	DDLUURRURDDD
5a1260349b8fdec7	URDDRDLUUURDDLLULURRDRDD
263d51b4078ca9ef	URRDLUURRDLULDRDLUULDDDRULDRRR
25486e73190fdacb	ULLDRDRUULULDRDRDLUURRULDDDRULDR
514b2a309e67df8c	ULDDDLUULURDRDRULDRD
1234608b5a7c9def	LDDRRRUULDRD
123456c7ab089def	URDLLLDRRR
12475a639b8cdef0	ULLURRULDRDD
270316b459a8defc	LLDDRRUURDDD
2b4f1c3695e7ad80	UUULDLDRULULDDDRUURRDDLUURDDLULLURRRDD
3b469218af075dce	LLURURRDDLDRULLURULLDRRDLLDRRUURULLLDDRRDR
3e752f419c08d6ab	DLUUURDDDLURURULLLDDRURRDDLLULURRULLDRDRRD
2901567ba843defc	DRDLLUULDRURRDDLULURDLDLUURRRDDD
268375b40c9f1ade	DRRULULDRDRRULUURDLLULDDDRULDRRR
512463789abcdef0	UULLLURRDRDD
12345678ac0f9deb	LLDRRRULDR
162358749afbdec0	LUULURRDLDRD
170352649af8decb	LDRURDDDLURD
128cd96405b73aef	URDDLUURDDRULURRULDDRUULDDDR
12349058da6bef7c	RDDLLUURRDRD
12346a98057bdefc	RURDLULDRRRD
5a231684970fdecb	DRULLUULDDRUURRDLDLLURDRDR
1234a0685d7ce9bf	LDRDLURURDDR
012c578b469e3daf	DDDRUULURRDLDLURDRRUULDLLDRDRURUULDLDDRR
56132084adbc97ef	URRDLLDDRULULURDRDDLULDRRR
9651e743ab28d0fc	LUUURRRDLDLLDRULUURRDLLURRRDDD
27341ac50fb69de8	DRRUURDDLULURRULLLDRRURDDDLURD
12075a439b68defc	DDLURRULDRDD
2634978f0adb51ce	DRURDLULDRRRUULLLDRUULDDRDRRULDR
123450b867ec9daf	DLDRRUULDDRR
9172a063d5b4efc8	RURDDDLLLUUURDDLURURRDDD
a9481e3702c5bd6f	RULURDRRDLLLUURDDDLURDRUURULLDRDLDLUURDDRR
13c46b7f2d0859ae	LLDRRURULLDDRRULUULDLDDRRUURDLDR
12465ad39b07efc8	LURRULDRDDLLUULDRDLUURRRDD
1273ab5496e8d0fc	UURURDDDLULDLUURDLDRRR
5913da7402c8e6bf	RUURRDDLLLURDDLUUURDDRDR
283c164e5b079adf	LUURDRDLURULDLDDRURULULLDDDRRR
123456789e0fdbca	DRULDLURDR
03281fb465a79dec	RRRDLLULDDRRUULDLDDRRURULDRD
945831f2d706ceab	UULDLURDRRDLLDLUURRRULLDRDDLURDRULDR
52139068ae4fdc7b	URDDDLURDRUULURDDLLLUURDRDDR
6e4c31a705b829df	DRUULDRDRUULULDDRUULDDDRURRUULDDRULDDR
521430b7968cdaef	URDLLURDRULDDDRRULURDD
073426a9e1f85dcb	DRDLURRRDDLUULULDDDRURULLDRRRD
514860372dbc9aef	RDDLULUURDDLDRRUURULLDDDRR
2e3410b867fa59dc	ULDDDRRULURDRULLLDDRURURDD
1234578b960cdafe	DRUULLDDRURD
12036a745bc89def	RDDLLULDDRRR
02341a675bf89dec	DDDRRULURRDD
35f4208b691cade7	ULDDRRDRUULULDLDDRRUULDDRULLURULDRRDRD
527360149ab8defc	RULDLURRRDDD
127356480afb9dec	DRRURULURDDD
9527d034a168efbc	DLUURRDDRUULLDRRDLDLLUUURRRDDD
2634108e5dc7b9fa	ULDDDRURRULDDRULLLDRRRULLDRR
127356b40a8c9def	DRRRULUURDDD
613420ce5a879dfb	DRRULDLULURDRDRDLURULLLDDRRR
180753f4a2ce96db	LDDDRURDLUUURDLULDDLDRRURD
27341569ab08edfc	URULLLDRRDLDLURURURDDDLLLURDRR
2487136f95aed0bc	LURRDRUUULLDRDDRULURULLLDDDRRR
127350b4968cdaef	DDRRULUURDDD
93042178d65befca	DRDDLLURRULULDLURDDDLUURDRRD
652410379ab8defc	ULDRURDRDD
18326754db0ca9ef	LURULLDRRURDLLDDLUUURRDLLDRDRR
134852b796ecdaf0	LUURULLDDDRR
16025a439b78defc	RDLDLUURRDDD
9238105467fbadec	RRULLDDLDRRURULLLURDDLUURRRDDD
3fd72a4015b896ce	LULLDDRDRUULDRUURDDDLLURRDLUUULLDDDRRURD
348c1d5762af9be0	ULULDRURULLLDDRRDLURRUULLDLDDRURDR
62c41a735efb9d80	ULUULLDDDRURDRULURDLLUURDDDR
120356749ab8defc	RDDD
51346928ef0bda7c	DLULURRDDLULUURDDRRD
1234678e095adfcb	RRRULDRDLLLURRULLDDRURRD
953416a7ed28f0bc	LURRULLURDDRDLLUUURDRRDD
512860439a7bdefc	LURRDRULDDRD
12345670adb89efc	DDLLULDRRR
6107284ba93c5def	DLDLDRUULURDLDRDRRUULDRUULDRDD
61345278ab0c9def	LLUURDLDDRRR
53427610d8cbe9af	ULDRDLLUURDDDRUULLLURRDLDDLURRRD
123495680aecdb7f	URDRDLUURDDR
52739148d60beafc	RULULDDDLUUURRRDDD
5617d0b3c2f498ea	URRDDLULDDRULLDRRRULLLUURDRURDDLDLLURRDR
12035674abe89dfc	RDDDLULLDRRR
1286d543a70be9fc	LLURURRDLULDDDLURURURDLDRD
6fa417395208bdec	URDLULDRRULLURDDDLUUULDDDRRULLDRRULUURDRDD
95bad178420e63cf	UURDLDLLUURDDDLUUURDDRRDLURULULDDDRUURULLDDRRD
250416389b7cdaef	DDLUULDRDDRR
12345a67d908ebcf	DLLURURRDLDR
572493186becd0af	RULURULDDLUURDRULDDDRR
513a20476db89efc	LURRDRULDRDDLLULDRRUUULDDRDR
2634708cbafe591d	DLDRRRULLULDRDRRUULLDLURULDDDRRR
124756380abc9def	DRRRUUULDRDD
1234d9785e0cab6f	DLULURDRDLLUURDDRR
253491670ab8defc	URULDRRRDD
1724308c6dea59bf	LDDRURRULLURDLLDDRURDR
128370e459afd6cb	LDRDRUUURDLLDDRULDRRULDR
26031e875cb49daf	DDLURRDLUURDLDLUULDDDRRULDRR
d234107856bfa9ce	DLUURDLDRUULDDDRURDRULLLDRRR
12345678ea0c9dbf	LLDRURDR
e934516702b8adfc	UURDDLUURDDLDRULURRRDD
1248563b9acfde70	ULDRUUULDDRD
0374198ad6bc52ef	DRDDLUURRRDLULDDLURRRULULDLDDRRR
65128ab39ef7d0c4	UULURRRDDDLUURDLULLURRRDLDRD
682351740abc9def	URULDDDRRUULURRDLDDR
14835a2bed0976fc	RDLLLURRDLLURURDDRUUULLDRRULDDRD
95613ab4780ce2df	ULDDRUULLURRRDLLURDLDLDRRULLUURDRDDLURDR
12836974d5fca0be	LURURURDDLDRUULLLDRDRR
2a0e1643b5879dfc	DLULDRDLURRRULDDRULDRDLULLDRRR
62041935adc8efb7	DRDDLUUULLDDRRRDLLLUURDLURURDDRD
123469d8a50cbf7e	DLLURURDDLUULDDRURDRULLLDRRURD
654fa93012cbd7e8	ULDDLULDRDRRUULDDRUUULDDLUULDRURRDLDDR
253716b4d90cefa8	DLLURRRDLLUUURRDDLUULLDRDDRR
516874209af3decb	DDLULULURRDLDRULURDRULDDRD
95126073acf4de8b	LURRRDDLDRULLLUURRRDDLDR
654713209afedbc8	ULDDRDLUULULDRDDRULUURDRDD
35719b240a68defc	RURURDLDLLUURRDLLURDRULDRRDD
5314207ca6b89def	URDLLURRDRULLDDLDRRUUURDDLDR
23641a80e5dc9bf7	DDLLLURRRULULLDDRDLURURDDR
12485063ab7c9def	RRULDDLLDRRR
072a346c8159debf	DDRRULLDRRRULLURRDLULDDRUULLDDRURULDDRDR
5134207896acdebf	LURDDRDR
1a3258c49b06def7	UURDDLLUURDRDDLULURDRULDDR
1234508c97bfd6ae	DDRRUULLDDRR
16045782ab3ce9df	RDLDLLDRRRUULURDLLDLDRUUURRDDD
38a5907126ebdfc4	DRRDLLUURRULLDRRDLLLURRURDLULLDRDRUULDDRRD
5237a064918fdecb	DRUULDLURRDLDRULURRDLULDDRDRULDR
2504ac3761d89ebf	DLDLURULDRDRURDLDLULDRRR
62b37a891f045edc	URDLLDRUUULDLDDRURULULDDRUURRDDD
26071af35ed49cb8	RDDDLLURUURDDDLLUUULDDDRRURD
15829d64e30bfa7c	LURURDLDDLLURUURDDDLLUURDRRD
6248a91c5703debf	RUULLDRDLLURULDRDLURURDDDR
234890af175cd6eb	DRRUULLDLDRUULDDRDRRULULDRDR
51239074f6acbd8e	DDLURRDRULDLLURRDLULUURRRDDD
9348f15b2607daec	RUULLDLDRULURDRDLLURDDRURD
3548a12c6d7f9be0	LLULURULDRRDDRUUULLDDLDRRR
613854f7d2bca09e	RRULULDDLUUURRDRULLDLDRDRURD
1348927065bcdaef	ULLDDLURDDRR
9162a5730d84febc	RDLUUURRRDDLDLULURURRDDD
25a4e76f1309cd8b	ULDRRULLURDDDRULLLURDLDRULURRDLUULDDRURRDLDR
571836cf29eda0b4	URRDLURULDLUURDLLDDRRUULLURDDLDRRRUUULDDDR
1623d054ab78e9fc	RDLLURDDLURUURRDDD
2573d96401a8fecb	URDDLUURULDRRURDDDLLURRD
0e12d548a6c37b9f	DRURRDDLLULURRDDDLULURDRDLLURDRULURRULDDDR
5274a1c8eb0369df	UURDDLLLDRRUURULLDLDDRUULURRDDDR
164873ac520b9def	ULDRRUULLDLURRDLULDDDRRR
130462785bfea9dc	LDLDDRRURDLULLDRRR
b7024e13d5869acf	DDDLLURUURRDLDLDRUULLURRDLLDRRRULDLURURDDLLDRR
02531eb79df4a8c6	DDDRUULDDRULURRRDDLUUURDDLLURRDLLLURRRDD
130862475abc9def	DRULLDLDDRRR
12035684db7ca9ef	RDLDLDLURDRR
1234a058de679fcb	RDRDLLULURRDDLULDRRURD
12345078a6bf9dce	DRDRULLLDRRR
25349178d6bca0ef	LUURULDRDDRR
861a95407fb3dec2	DLLLUURRRDDDLURULULDRDLULURRDLLURRRDLDRD
123495786f0bdaec	LLURDDRURD
348a20c69f75e1db	DDLURDRURUULLLDDDRURURDLULDRURDLDRUUULLLDRRDDR
2534a06719b8defc	LDRUULDRRRDD
128356740eab9dfc	DRURUURDLDRD
037416285abc9def	DRRULDLDDRRR
6a53207419f8decb	ULDDRUURDLULDRRURDDDLURD
147c302ba68f59de	RULDLURDDLDRRRUUULDDRULULLDDDRRR
1283d5b4a76c90ef	LUURDDLURRUURDLLDDRR
58369024a1e7dbfc	DRRUULLDRRDDLLULUURDRURDLDDR
19346078c5ef2dab	DLDRRULUULDDRULURDLDRDRRULDR
163457f20da89ebc	DRRUURULDLLDRDRULDLUURURRDDD
13b56c84ed0f7a29	ULURRDLULDRDDRUULDLLDRRULLURRULDDLDRRUULDLDRRR
513869a0edfcb247	DLDLLURURDDRUUULDDRUULDRDLDLLURULURRDDDR
125398470dcfa6eb	RDLUUURRRDLLURRDLULLDRDDRRULDR
652310749ab8defc	ULDRURRDDD
a5329610db84efc7	ULDRDDLLLUUURRDLLURRRDDLLURRDD
6a83207415fe9bdc	ULDDRDRUUURDLDRDLULUULDDDRRR
12345678adbc9ef0	LLULDRRR
5123ad7069c4ef8b	DDLULULDRRRDLLLURULURRRDDD
2834b76015ecad9f	ULDLLDRDRUUULLDDDRUURURDLDLLDRRR
127356c49b08daef	UURDDLLDRR
16345a20f97bed8c	ULDDDLULDRRRULLLDRUUURRDDDLURD
265317b40afc9d8e	DRURDRULULURRDDLLUULDRDDRURD
06942eb371dca58f	DDRULDDRURUULDRRDLDLULDRUUURDDRULLULDDRDRR
162c9543d8eba0f7	URRDLLURDLLUURURDRULDDRULDLDRR
47f3126059c8daeb	LULLDDRDRUURULLDRRULDRDDLURD
125964307af8cdbe	ULDLURDRULLDRRDLLLDRRULLURRDLDRRULLLURDDRR
13a7e564029cfdb8	URDDLURRRDLUUURDDDLLLURRUULDDRRD
12045637adb89efc	DRDDLLULDRRR
b46a1572ed8930fc	LURDRURULULLDRDRRUULLDRDDLLURURRDLUULDDRURDD
12349568ed7ba0fc	ULDRULURRDRD
12045637adb89efc	DRDDLLULDRRR
1a23e5740cf89d6b	URURRDDLDRUULDLLDRUURRDLDR
17245098d36caebf	DRULURDLDRDLLURDRR
639421b85e07dafc	UULDDRRDLLUULURDRDDLUULDRRDR
023a15849df67ecb	DDRRRDLLLUURURRDLULDRDLDRULURDRD
517846239eacd0bf	UULURDRULDDRURULDDDR
26381b4f09ac75de	DRULDRRULUURDDRUULLLDDDRRRULLDRR
297310f46c8bda5e	ULDDDRRRULUURDDLLDLURULDRDRRULDR
240715639ab8defc	LLDRRRULDRDD
192456380adbe7fc	RRULULDDRDLUURRDLLUURRDDRD
9523a174b80fdec6	RDLURULDLLUURDRRDLLLUURRRDDD
12345067d9a8efcb	RRDDLLLURRRD
16478092c53aedfb	LDRURRULDDDRULLLURDLDRRRULLLURURDRDLDLURDR
6817d0b493cfa25e	DDRRULUULDRURDLULDDLUURDDDLURULDRDRR
03a82467591fdecb	RDRDDRULLURULLDRDRURULLLDDRRDR
123e5687b9f4adc0	LUURULDRDLUURDDDLLULDRRULLDRRR
51349267abf8d0ec	RULLUURDRRDD
1247d35b068ce9fa	UURDRRULLLDRDDRRULDLLURRURDD
b5289134d6e7f0ac	LUUURDLURRDLURRDLULDDRDLURRULDRD
51342b68970cdaef	LULURDRDLDRR
12346e785acf9db0	ULLULDDRURDR
51239674aeb8dfc0	LLULUURRRDDD
148b53f69a02dec7	URDDLUURULLDRDRUULLDRDRD
123456b79af8d0ec	RUURDD
218b364fde0c95a7	LDLURDRURUULDLLURDLDRDRURDLURUULLDRDRD
12345a80976bdefc	LDLURDRD
19057634abf2dec8	RDDDLULULURRDRULDLLURDDLUURRRDDD
72b418af063c59de	RRULDRRULULLDDDRRRULULURDLLDDRRR
657394b8d20ce1fa	ULDDRRUULDDLLUUURDDRUULDLURRRDDD
12345678adcf90eb	ULDRRRULDR
ab235170f9e6dc84	DDLLULURRRDDLULDRUULULDDRUURDDLURURDDD
570432a8196fdecb	LDLURDLDRRUULLDRDRDRULDR
1564203c7a8e9dfb	ULDRURDDLLURDRRDLURULLULDDDRRR
134852f7960bdaec	URULLDDDRURD
a2075134d6b9efc8	DDRUULLDDRURDDLLLUUURDLDRUURRDDD
0e2361d4795cb8fa	DRULDDRULDRRULDRDLLURRDRULDLURDLLUURURRDDD
25149870d6abef3c	DLDLUURDLDLUUURRDDRULLLURDDRRD
69235410da78ecfb	ULDLULDRURRDLDDLLUUURRRDDDLURD
98c451f6ed03b27a	URDLUURDLULDDDLUURDLUURDDRDRUULURDLDDLLUURDRDR
12735a64d9c8e0bf	LURURURDDLDR
612470385abc9def	LURRDLLDDRRR
12a47c90e6b83f5d	DLULDDRULLDRRRULUULDLDDRRRULULLDDRURULURDDDR
12035674d9c8ebaf	RDDLDLLURRDR
352491680ae7bdfc	DRULURULDRRURDDDLULURRULLDDDRR
d245ca871b9fe036	ULUURDDLURDRDRUULLURRDLDDLLURURULDRDRUULLLDRRDDR
130b52479a6cde8f	DDDRUUULLDRDRULDRD
a13240f5e7c896db	DDRUURDDLULURULDLURRRDLLLURRDDLLDRUURRULDDRD
26a317845e0c9bdf	UULDRDLDRULUURRDLLULDDDRRR
1283694bd5afe0c7	LURULDRRRDLURULURDLDRD
123457a0e6b89dfc	DLULDLDRURRD
23741a98d56cb0fe	LURURDDLUURULLDDRRDRULLDRURD
1273954a0db8c6ef	DRULDRRULLURRRDLULDRDRUULURDDD
02341567eab89dfc	DRDLDRUURRDD
1253d9c4f706aeb8	UURDDDLULLURRRDDLLLUURRDLDRURD
91326584ac0bdef7	RDLUUULDLURRRDDLLLUURRDRDLDR
34c7512096b8daef	DLLLURRURDLULLDDRRRUULLDDDRR
02f813645dac9e7b	RDRURDDDLLURUULLDDDRRURDLURULDDR
120354789e6fdacb	DLDRRULLDRUURDDDLULDRURD
162357489abcd0ef	RRUULLURRDDD
6283104b5ae79dfc	DRRULULLDDDRUUURRDLDRD
1c23a5749f0bd86e	DLLUURURDDDRULLURURDDLLLDRRRULDR
dc34592b8167eaf0	UUULLDDLUURDRURDLDLLUURDDDLUURRDRDLURULDDR
164259c3d70beaf8	UURDLLDDRUULDRRDLLLURUURRDDD
16235a749f08decb	LUURRDDDLURD
364910b852efd7ca	ULDRDRDRUUULDRDLLDRUUULDDRULLDRDRR
48b72a9c1e0f536d	UULLDDRDRUULDDRRUUULLDDLDRRUURULLLDDDRURDR
e5629014af38d7cb	RURDDDLLULUURDLDRURDDLULUURRDDRD
12345b689a7cd0ef	UURDLDRR
95147238dafbe6c0	LULULURRDLDDLUUURDDRRD
12345670d9b8aefc	DDLLLURDRR
d5329610e7c4b8fa	ULDRDLLDLUUURRDDLDRRULLLUURRRDDLDLLURRRD
127395648d0caefb	DLULDRRULDRRULDLULURRURDDD
b8e2154c6903da7f	RULULDLURDLDRURURDLDDLUULURRDDDLURDR
367420ab15cdef98	RULLDDRDRURULULLDDDRURRDLLULDRUURRDD
457391b8ed6c20af	ULDRULURULDRDRDRUUULLDDRURULDRDD
067a2314f5e89cdb	RDRURDLULDLURDDDRULLURDLDRRUULDRURDDLURD
2d08154c96e3fba7	DDLUULDRDLURRDRDLLLURURDRUULDDDRULDLURRD
65341bf09d82e7ca	DLURDDLURUULDLULDDRDLUURDRULURRDDD
1273d568094febca	URRDDRUULURDDLDLLURRDR
268b10345ac79dfe	RRDLDRUUULDLULDDDRRURUULDDRD
0124573896ecdbaf	RRDLDDRULDRR
08b31754d2fea9c6	DRDDRRULUULDDRDLLURULDRRDRULUURDLLDDRR
123456c7eda890bf	ULDRURURDLDR
051642b79a83defc	RRRDDLULLURDRULDRRULDRDD
124756309af8decb	ULDRDDLURD
5124706bd98cae3f	RDDLLURDRRUULDLULURRDLDRRD
23c4576891efd0ab	RUUULDDLURULDDRRULDDRRULDR
512396b4f8dc7ea0	LULDRRULLLDRULUURDDRDLURULURRDDD
26341ce7f9085dba	ULDLDRUUULDDRRURDDLURDLLURRD
27081d4369ac5efb	DRDDLLUUULDDDRURRUULDLLDDRRR
51726093adc4ebf8	LDRURURDDDLLLUURDLUURRRDDLDR
23649178d5cfa0eb	LUURDDRRULUULLDRRDDR
52346d18a70c9ebf	LURULDLURRDDDLULDRRR
726430189dbc5aef	ULDRDLDRUURULLDRRULLDDDRULDRRR
357420e619fdcab8	ULDDRURDRDLLLURRURDLDLUURULLDDDRURDRULDR
5378401c926bdeaf	LURDDRDLLUURRULLDRDRRUULLLDDDRRR
713462b805ecad9f	UURDLDRDRUULLDDRULDRRR
265410389a7bdefc	URDLULDRRDRD
127356489a0fdecb	DRUULURDDLDR
17235e84d96ba0fc	LURUURRDDDLLURDRUULLDRRD
527361409ab8defc	LULDLURRRDDD
95126034eaf7cdb8	DDLURULURRRDDDLLLUUURRDRDDLURD
6714238c5d0ae9bf	RULLURDLLURDLDRDLURRDR
321cb0879e4a65df	URDDLLUURDDLDRRULULDDRRURUULDLLDRRRUULDDDR
087c534619efbd2a	DDDRRRUUULLDLDRDRURUULLDLURRDLDRURULLDDDRR
2307168459bcdaef	RDLULLDDRDRR
278310acb6f59e4d	RDRULULLDDRRDRUULDRULLLDRDRUULLDDRURUURDDD
0148623ca79d5ebf	RDDRRUULDLDRDLULDRUULDRDRR
51246b78dac3e09f	UULURRRDDLURULDDDLURDLLURRDR
52e796104f83badc	DLLLDRRULLURRULDRDLULDDRULUURRDRULDRDD
02731548d6abf9ce	DRDDLURRRULURDDDLLURRDLULDRR
12739db05a64efc8	LDLULDRURRDDLLLURRUURDDD
a134526709b8defc	UURDLDRURRDD
6a24917853dce0bf	LUURDLDRURULULDDRDLURUURDDDR
25a41037be8c96df	ULDRDDRRULLLUURRDDLUULDDDRUURRDD
123457a809cfd6eb	RDRRULULDRDR
047e1623a8f95dcb	DRRULDDLDRURURULDLDRRULLDRRDLUULLDRDRURD
1234608b5a7c9def	LDDRRRUULDRD
6253cf40d87be19a	LLLURRRDLLDDLURRDRUULLDRDRUULLLDRUULDRDRDR
12079548da63efcb	DDRDLLLUURRDRUULDRDD
17b35ac06ef894d2	DLDLURDRUULDDLURRULLDLDRRRULUULDDRUURDDD
120358f49ea6d7cb	RDLDDLUURDRULDLURDDRUULDDR
6a382541ef0c97db	LUURDRDLULDDRRUUULLLDRDRULDLURULDDDRURDR
543796b21a08defc	LLURDRUULDRRULDLLURRDRDD
53079264d1abefc8	LDDRRUULLDRRDDLLLUUURRRDDD
12086ac35db79ef4	RDDDLUURDLUURDLDDLUULDDRRR
518326e40a7cb9df	DRRUUURDLLDLDRURDLUULURDRDDR
9173d258a60becf4	LLUURDRDDLLUURRRDDLUURDLUURDDD
1682d5730abce9f4	URDDLURURURDDDLUURDLULURRDDLDR
12346a785d0b9efc	DLUULDDRRURD
16235a740bf89dec	DRRULUURRDDD
130762a4958cdebf	LDRDDLLURUURRDLULDLDDRRR
05139724aebf6dc8	DDDRULUURRDDRDLUULDLUURRRDDD
123450679acfde8b	RDDRULURDLDR
14835270d9cb6afe	ULLDRRDLDLLURDRRUUULDLDDRURD
13756ca29de840bf	URUURDLLLDDRURUULDRURDLDLLURDRULURDRULDRDLDR
1248563c9afbde70	ULDRUUULDDDR
1483506f2c7bd9ae	DDRRUUULLLDDRULURDRRULDDLDRRULDR
2408153f97cad6eb	LLDRDDRURUULDLDRDRULDR
251ab4760e83dc9f	UURRDRDLULLURRRDLULDRDDLULDRURDLLURURURDDLDR
248317bcd95a60ef	ULDRURRUULLLDDRRURULDLLDDRRR
9568d041c2e37baf	DLUURDDDLUUURRDLDDRUURDLLURRULDDLLURULDDRDRR
1283d5b40a96c7ef	RDLUURDRRDLLLURRDRULUURDLLDDRR
123468ac5bef90d7	RUULDDRRUULDDLUURDLULDDRRR
247813afe50b96dc	UULDDDRRUUULLLDRDLDRURDRULDR
59146d3872bca0ef	RULLURURDDLLURRDDLLUUURDDDRR
a134d567e2f8b9c0	LLLUURDDRULDLUUURDLDRURRDD
52639018da7cefb4	RULDRDDRULDLLUUURRDDRULURDDD
26041b3759a8defc	DLULDDRRURDD
754fd18ec6a392b0	LUURDLLDLUURULDRDDLURRUURDLULDDRDLURUURDDDLURD
5134972f06c8deba	UURDRRDDLURUULLDDRUURDDDLURD
5148273096abdefc	ULDLLURDDRRD
276315409ab8defc	LULLDRRURDDD
01246a7853cfde9b	DDDRRRULLURDLDLUUURRDLLDRRDR
016432589fe7dcab	DRULDRRDDLURUULLDRDRRDLLUURDRD
435c602bd19fea87	DRUULLDRRULLDRRDDRUUULDDRULLDRDLUUURDDDLLURRDR
6124738cd90ea5fb	LDLURRRDLURULLLURRDLLDRDRR
5124b0a7968cde3f	DRDRUULDLULURRDRDLULDRURDD
a20716435b98defc	DLDRURULLLDDRUURDDLURRDD
912465f0ba37dc8e	LDDLULUURRDDRULDDRULLLURDDRR
1234a07865fb9dec	DLURDLDRRURD
1247e563cf0a9d8b	DRULLLURRRULDRDLLLDRRRULDLURDR
16249538a7fbd0ec	RULLURURDDRD
9124378b0fdea65c	RRRULLLDRDRUULDDLUUURDDLURURDDLDRURD
91645fdbea8270c3	UURDRULDLULURRDRDDLLLURDRURULDLDLUURURDDRD
01345268ea7c9dbf	RDDLDRUURDDR
1546a932d708ebcf	URULDDDLLUURURDRDLLLURRDDR
9103652ba847dfec	DDRULDLULURDDDRRULLLURURRDDDLURD
063412b7e58c9adf	RDDDRRULUULLDRDLDRUUURDRDD
137652b49a08defc	UURDLULDRRDD
512496c70bf3dea8	DRRULDLUUURRRDDDLUURULDRDLDR
6238794fd51ab0ec	LUURDRRUULLDDLUURDDRRULLDDRULULURRRDDD
2a3410685e7c9dbf	ULDDDRUURDDR
1478e5f0d93a62cb	DLURDDLLLURDRULDLUURDLDRURUULDDRURULDDRD
1f675023d8a9e4cb	URDDLURDRDLLURDLLURUURRDLDRULURDDD
1234568c9ea7d0bf	URRULDDR
02731d8465ac9ebf	RRRDLLULDDRRULDRDLUULDDRRR
8624103f59cbda7e	ULDDRUURDDDRUULLDDRRUULDDR
230c186459abdef7	LDRRULLLDDRRRDLURULURDLDDR
512396740af8decb	UURRRDDDLURD
61485273d9bcefa0	ULURULDDDLLUUURDLDRRRD
356218740beca9df	DRRUULULDRURRDLLURDDLLDRRR
0b16e598f2a3d47c	RDRDLLURRDDLULUURRRDDLDLUULURRDLURRDLDRULURDLDRD
01ac72bf435ed986	RDDLURDRDRUUULDLLDRDRRUUULDLLDRDRRUUULDDRULLDRRD
513496b7a208defc	ULDLUURDRRDD
71465f32adc8be90	ULURULDDDLLURRRDLLLUUURRDRDLULLDRRDRULULDDRURD
162450389b7edafc	URDDRDLULDRR
317426b8950eadfc	RDLLLURUULDRDDRUUULLDDDRRR
41b72e635a8c90df	RRULLUULDRRULLDDDRURURULDRDD
91032efd8bc76a54	DLDLDRRUURDDLULULURDRRDLLULDRDLURURURDDLULLDRDRURD
1348a5629dbfec70	ULDLLUURRRDDLLUURDRUULLDDLDRRURD
62839154d7cfeab0	ULLDLUURRULLDRURRDLDDR
5813da4b02e69fc7	URDRRDLLURRULLURDLDLUURRRDLDDLULDRRURD
5234d1f806cbe79a	RDRUUULDDLUURRDRDDLURULLDDLURRRD
52ac69148f03deb7	LURULDLDRDRUURDDLLUULURRDRULDLDRRULDDR
630421785abc9def	LDLURDLDDRRR
5123db49ec67f8a0	LLURRULDRDLLLUUURRDLDRRDLLLURRUURDDD
e72ab034198c5d6f	LURRDDLULURRRDLLLDDRURUULLDDRRDLURULDRDR
12346d780aecb59f	DRULDRRULULDDRULDRRR
a8cb10f4d952e673	DRURULLLDRDDRURUULDDRDLURUULDDLDLUURURDDLURDDR
5134928ca6ebdf70	UULLDRDRUUULDDDLULUURRRDDD
134852769abcdef0	ULURULLDRDRD
120b56439a87defc	DRULDDRULDRD
51039724a6b8defc	DLDLUURRRDDD
172865ca4b03de9f	URDLLLURDLDRRUULURDRULDLDDLURRDR
5137d0a4962befc8	DLUURDRDRUULDRDDLLLURUURRDDD
1d83502f69cbe74a	ULDRDLURRDDRUULDDLLUUURDDRDRUULURDLDDR
13086247a9fc5dbe	DRDLDLULDRRRUUULLDLDDRRR
2304167859ecdbaf	LLDDRDRULDRR
13746a20edf859cb	DDLULLDRURDLUURULDLDDRRURD
6528104aef37bdc9	ULDRURDDRUULDDLDRRULDLLURRDRULDLLURRDR
1283574c96afdeb0	UULURDLLDRDR
1234568b9acfd0e7	RURDLURULDRD
183c6a4f257b9de0	UUULLLDDRULURDLDDRRRUULURDLDDR
a13420685f7e9dbc	LURDLDDRUURDDLURRDLULDRR
0512a3749e8cdb6f	RDRDDLUUURRDLLLURRDDLURDDR
03c412b7659daef8	DDRRRDLLURUULDLDDRULDRRUURDLDR
510267439ab8defc	RDLLLURRRDDD
34681f972a0edc5b	DLURUULLDDRRULLDRRRDLUURULLDDDRURD
06721a345cbf9d8e	DDDRURUURDLDDRULLDRULUURDRDLDR
0374128c596bdaef	DDRRRULULDDDRR
21735d486ecf90ab	UUULDDDRRRUULULDLDRDLUUURRRDDLDR
027316b45af89dec	DDDRRUUURDDD
13649287e50bdafc	UULDDDRRULLLURRRDDLLURRD
3e475d8629cb10af	UUURDRDLULLDDRURURULLLDDDRRUURULLLDRDDRR
214730b856ef9dac	LURDLDDRRURUULLDDDRUURDD
2634178b590adefc	RULLULDDRRRD
05239174a6b8defc	RDDLUURRRDDD
83c7e1602d9ba54f	ULLLDDRDLURRRUULLDLURDLDRRDLUURDDLURRULURDLDDR
1234d9b7e6f850ac	LUURDDRUULDDLUURRRDD
523419786c0fdaeb	UULLDRURDDLLURDDRRULDR
127895c0a463debf	LDLLURRDRUULDDDRUUULDRDD
247613c8590fdaeb	UURDLULDRRULLLDDRDRRULDR
137c62b40ae859df	DRRUUURDLULDLDDRRUURDLDR
417ce83025df96ab	LLLDRUULDRRULLDDRDRUURULDLDDRRUULDLLDRURDR
263451b0d9c7ef8a	DDLURDLLLUURULDDRRURDD
d9536270b1a4ecf8	LLDLUURRDRDDLLULUURDDRDLLUUURRRDDLDR
613752409e8fdcab	LDDLULUURRRDLULDLDRRDRULDR
763f12d80bc45ae9	URRRULDDRULDDRUULULLDDDRRULUURRDLLULDDDRULDRRR
613827dc054ae9bf	RURDLULURRDDRUULLDLDRDLURRDR
124b56379a8cdef0	UUULDDRULDRD
630421785abc9def	LDLURDLDDRRR
512496f3da0bec87	URDDLLLUUURRDRDDLUURDD
12345678dbeca09f	RULDLURDRR
123f5ad07ec6948b	ULLDRDDLUURDDLUUURDDRULURDLDLLDRRRULLURDDR
1273ac64d5b8e09f	LURULDDRRULDLURURURDDLDR
b18c9e3206a45d7f	UURRRDLLDLDRRUUULDLDRDRUUURDDLLUURRDLDLDRR
51627a8bd903efc4	URDDLLLURULURRRDDLULURRDDD
163457a2098fdecb	RURRULDDDRULLUURRDLDDR
1547e0fd6ac39b28	DRDLUURDRUULDDDLUUURDDRDLULDRULLURDLDRURURDD
12349a57db68e0cf	UURDDLLUURRRDLDR
28b31476da0c59ef	UULDDLDRUURRULLLDDDRUURRULDDLDRR
1792af635b84d0ec	UUURDLURRDDLLULDRDRULUURRDDD
1247603859abdefc	LDRRRUULDRDD
12835a64970cdebf	LURURDLDDR
1c235b74096adef8	RUURDDLURDLDRURDLLURUURDDD
12b3a08465d79efc	DLURDRUURDDLURDDLLULDRRR
1204a73865bc9def	DLDLURDLDRRR
0b73192658dfae4c	DDDRURDRULDLLURUURDRDLDLLURURDLUURRDLLDDRR
5134206c9a87debf	LURDRDRULDDR
16839254da0fe7bc	RDLLLUUURDRULLDRURRDDLDRUULDDR
5123674809acebdf	RDRULDRRUULLLDRDLUUURRRDDD
1283574c0bdf9e6a	RDRULDRRUULURDLLDLDRRULDRR
513426780abc9def	DRUULURDDDRR
174362cf5908dabe	URDLDRULUULDLDRDRURULURDDD
12345068d97aefcb	RDRDLLLURRRD
26341780dcef59ab	LLDLDRUUULDDDRRULDRRULDR
16a42538d9b7ecf0	LURDLLLUURURDLULDDRULURDRDDRULDR
1438a962570cdebf	LULDRURULDRRULDLURDDDR
a17320685e4b9dfc	LURDLDDRUURDRULURDDD
01e952a7684bdfc3	RDRDRDLUUURDDLLLURRURDDLLURDDLUULDRURURDDD
5104a8c72fb36d9e	RDDLURULDRDLLLUURRDLDDLURDRRUULULDDDLURDRURD
12345670eda89bfc	DDLLULDRURDR
1203574b6d8e9afc	RDLDRUULDRDDLLULDRRUUURDLLDDRR
163ae72085b49dfc	ULDRDLULDLURDLDRURULURRDLDRD
13d86542eaf9b0c7	UUURDRDDLURUULDLURDDRDLLLURULDRRDLLURRDR
038615ba729edf4c	DDRULDRRRULLDRDLUURDRUULDLLDRRURULLDRDRD
25341078d6abe9fc	ULDRDDLURRRD
e76325df8ab419c0	ULURDDLULLDRRULURULLDDRUULDDDRUURRDLDLURUURDDD
6583217409fbdaec	UURDLDRULURDDDRUUURDLDRD
5437218c96fbdea0	ULDRUULULDLURDDRDRUUULDRDD
254716f3da8be9c0	ULULULDRDDLURURRULDRDDLURD
16235a749e08dbcf	DLUUURRDDLDR
237410685eab9dfc	RULLDDDRURRD
123456b79ecad0f8	RURDLLURURDD
2ae410786dc359fb	ULDDDRUURURDDLURDDLURUULDLLDDRRR
0234157896eadbfc	DRDRRDLLURDR
1728e043956cdbaf	URDRULDLDRDLLUURDLDRURDR
95831264ae0fdc7b	DLUULURDDLUURDRURDLDDRULDR
27b15a30de46c98f	ULDRULLDRDLDLUURULDDRRRULDDRULDLUURURDDDLURD
548c2130a7bf96de	ULLDDDRRUUULDLLURDDLDRRR
1234568cab0f9d7e	DRUULDLLDRRR
792c1a48063f5deb	RUURDRULLLDDDRRRUULDLUURDLLDRRDR
512496380a7fdecb	UURRDDDRULDR
12746058d3af9cbe	DLUURDRDDLUURULLDDRRDRULLULDDRRR
012456379af8decb	RRDRDDLURD
05249138a67bdefc	RDDLUURRDDRD
2b8360541dfe79ac	ULDDDRULDRRULURULLDRURRDLDRDLULDRR
2643a58c017b9def	URURDDRUULLDDLURRRULDLULDDDRRR
634725a1bef89dc0	LUURULLLDRRDLLURDRULULDDDRURURDD
bd72514ca60fe938	DRUULULDLURRRDLDDRULLULDRUURDDLULDRDLURURRDD
514296308c7fadbe	LURDLDLLDRRRULLDRRULLLUURRRDDD
16235a709eb4dfc8	DDLLUUURRDDD
04ce381652ba9d7f	RDRRULLLDRDRRUULLLDDDRURRUULLDDRDLUURDDR
25379184d6bca0ef	LUURURRDLULLDRDDRR
61032d8c5947aebf	DDLULURDLDRRRULURDLDDLLURDRR
047253b196afdec8	DRDRRDLUURULLDRRULLDLURDRULDRRDD
2a83714c0d6b59ef	URULDDDRUULDDRURRULURDLLDDRR
12345678f9edacb0	LLURRDLULLDRRULLDRRURD
5e6b18429da3f07c	UUULDRURDDLDLUURRRULDDRULDDLULDRUUURDDRD
51349260ab87defc	DLLLUURDRRDD
2745183f6cab9de0	UULURDLDLLDRRRULULURRDLLULDRDRDR
12035684ea7b9dfc	RDLDLLDRURRD
613427b8590cdaef	ULLURDLDRDRR
1248563b0a7c9def	DRRRUUULDDRD
2478513b960cadfe	DLLUURRULDDDRRUUULLLDDDRRURD
25731a60ef94cd8b	DDLULDLURRDLURRDLLLURUULDRRURDDD
134752609af8decb	ULLDRRDDLURD
178b9a30264f5dec	ULDDLUURDLLDDRUULDRRRUULLDDDRURD
23785146ea0c9dbf	LLURURDRULLDRULLDDDRURDR
180593b26def7a4c	LDLDRRDRULDLLUURRRDLLDRULURURDLULDRDLLURDDRR
51832a9cde0b764f	ULDRDLLURULURDRDLDRURULURDLLDDRUULDRDR
61342be05a879cfd	DLURDLDRULLDRULULURDLDDRRRULLDRR
137452a8960fdecb	UULDDRDRULDR
2307168459bcdaef	RDLULLDDRDRR
012356749fb8daec	RRRDDLLDRURD
2638914fd5abe7c0	LLLUURURDLDRDRUUULLLDRRDDRULDR
0cf4238b657a19de	DDDRRURULULDLDRRUURDDLDRUULDRUULLLDDDRRR
1a243068e97f5dcb	DLDRUULDRRULURDDDRULLURDDR
127356480abc9def	DRRRUULURDDD
6c051d32f794eab8	LLDRRDLURURDDLUURDDDLULLURRDLDLUURURDRDDLURD
162450b8973cdaef	RDLUURDDLDRR
1b635ea49708df2c	LURDDLUURDLUURDLDRULURRDDD
e2185f49da67c0b3	UUURDRDDLLLUUURDRDDLUULDRURRDDLLURURULDDRD
23641eca57b890df	RUURDLLURULLDDDRUURDDR
1348527c9af6e0bd	RURDLLLURRRUULLDDRDLULDRRR
5613d274eba890cf	URULURDDDLLUUURRRDDLLDLURRDR
01345278a6cf9deb	RDDLDRRRULDR
12475a639ec8d0bf	UURRULDRDLDR
163792450abfdec8	UURRDDRDLUURULLDRULLDRURDRDD
5d02a918e64f7bc3	DDDRUULLURRDDLLURDDLULDRULURRDLLUURRDDDR
61785d40b923eafc	ULDDRUULLLDRDLURURDDLDLUUURRDRDD
134850269b7cdaef	RRULLDRDLDRR
26831bc45e0a9d7f	UURDDLDRUULDRULLULDDDRURURDD
124756389abcdef0	UUULDRDD
2348157c96bfdae0	UUULLLDRDDRR
05d7328419abe6fc	DRURRDLLULDDRURULLDDRDLUURDRRD
12349068a57fdecb	DLURRDDRULDR
51249638a7bcd0ef	RULLUURRDDDR
2648103b5a7c9def	ULDDDRRRUUULDDRD
92675140df38eacb	ULDDRUULLDLURRDRDLLDLUURRRDDLURD
a7be5138fd249c60	UUULDRULLDRDDLUURDLLUURDLDDRURRDLLUURRDLUURDDD
123798406eab5dfc	LLURRDLULDLDDRUULDRRRD
450b2f8c163a9de7	DDLUULDDDRURDRUUULLLDRDRDRUUULDDDLURRD
2648173e05abdf9c	RRDLURRUULDDRDLUULULDDRDRR
134850b7926cdaef	DRURULLDDDRR
49182b36ed0ca57f	DLLURUULDRRULDRDDLURDLLUURDRURULLLDRRDDR
5718a3246b0e9dfc	ULURDDRUULDRDDLULLUURRRDLLDLDRRR
0138524796abdefc	RRDRULLDDRRD
123460b857ec9adf	DDRUULLDDRRR
51249380a67bdefc	LLDLUURRDDRD
24b91d3f6a075c8e	UULLDDRURDRUULDRDLDLUURDRULDDRULLLDRUULDRDRR
248c637bd9051efa	RDLLULDRURRUULLDLDRRRUULLLDDDRRR
5102a6849e3bd7fc	RDLDDLURDLLUUURRDDLLDRRURD
124756380eab9dfc	DRURRUULDRDD
8ae3c0241b7fd965	RULDDDRRULULLDRDRUUULLDDRDRUULURRDLLDLURDRRULDDR
523461ca9d08efb7	URDDLUUULDLDRRRDLLLUUURRDDRD
714853bc920fd6ae	ULDLUURDLDRDRRUUULDLDDRR
6e18f0529cb4d73a	URRDDLLURULDLURRRDDLDRUULDLDRULULURRDDLDRURD
1204576f9c83daeb	LDRDRULDLUURDLDDRRULDR
12735a649e0bdfc8	RDLLUURURDDD
013f52c8a64e9d7b	RRDRULDDDRUUULDDDRUUULLDDLDRRR
94276150efa3bdc8	ULLDLURDRDLLDRULURRURDDDLULUURDRULDRDD
49c78613520fdabe	LUURDDLUURDLLURRRDLLLDRRDRUULLDDRRUULURDDD
123495c706b8daef	URDDRUURDLDR
6512a0739d84febc	LDRDLUUURRRDDLDLUULURRRDDD
62b3e9145807afdc	LURULDDDLUUURRRDDLLDRULLDRUULDRRURDD
92746d13e8cf50ab	UURULDRDDLULDRURDRULURDLLLUURRDLDLURDRDR
1234ae6705b89dfc	RULDDRUURRDD
2637e518dc0abf94	DLLUURRDRDLULLURRRDLDLUUURRDLULLDDRRDR
263c10479a8bd5ef	URDRULDDLDLURRRULULLDDDRRR
34be28109fc7da65	ULLDRRDDLURDLLURRUULLLDRDRUULLDRDRDLURRULDRD
ab1752438cf690de	UUURRDDLULDDRRULLLUURDRRDLLULDDRRRULLURURDDD
02541637fbc89dae	RRDLULDRRRDLLLDRRRULLDRURD
06539a21db74ef8c	RRDDDLLUUURRDRDLLURULDLURRRDDD
2503178496bcdaef	RDLLULDRDDRR
ae672b450fd3198c	DRURURDLDLUURURDDLLUULDDRUULDDDRUURURDDD
123456789efbdca0	ULDLURDRULDR
5a2468c19e7fdb30	ULURULDDDLUUURRDLDLULURRDDRULDDR
6324508fe1a79dcb	DLURULDDDRURRULLURDDDRULDR
3748201a56cf9dbe	RDDRUULDRUULLLDRDRUULLDDDRRR
35621a74ed9bf0c8	LURRRDLLLURUULDRURRDLLURDRDD
123456f79ea8dcb0	LLURURDDLURD
12345a68d907ebfc	RDLLLURURDDR
035412b79ad86cef	DDRRUULDDDRULURRDLDLULDRULURDDRR
263419785becd0af	RULUULDDRDRR
9524d178eb6c30af	URDLLUUURDDDLUUURDDRULURDDDR
6208354cd97a1efb	DDRDLLULDRUULURDLDRRRUULLLDDDRRR
06731b2a5e84df9c	RRDRDLDLURULULDDRRULURRDDD
14835260d9fcae7b	ULLDRRDLDLLURDRRUUULDDDR
73e2b084156a9dcf	LDRUULDDDRURUURDDLULDRDLUUURDRDLULDRDR
1234d578a6bc90ef	LUURDDLURDRR
6d3427c815fba9e0	ULULULDDRUULDDDRULDRRRULDR
243810ab9d6ce57f	LDRDLUURDRUULLDRDRDRUUULDDRD
e67ad5410f239bc8	UURRDRULDDLLURURDRDDLUURDDLLULUURRDLLDDRURDR
2634518ced9a70bf	ULDRULURDRRULLULDDRRDR
267341a059fbdec8	DDLUURULLDLURDLDRRUULDRRULDRDD
236410579ac8debf	RULLDRRRDLDR
23b4578c1a6e9df0	UULLLDDRURDRUULULLDRDDRUURDD
56b21073ac849def	LURDRURDDLLLUURRRDDLULLDDRRR
12345678d9cfaeb0	ULDLLURDRR
51249637abf8d0ec	RULLUURRDRDD
367a90542becd81f	RURDLULDDDRULDRRULULDLURULDRDRUULDRRDD
134759680aebdf2c	RRDLURRUULLLDRDLUURDRRDD
12345a670dc8e9bf	RDLURURRDLDR
512390ac67f8deb4	DDRUURDDLUURDLDLULUURRRDLLDRDR
124856309afbdec7	DDLURUULDDRD
7c059e321d84ab6f	DLURRDDLULLDRDRUUULLDRRURDDLLDLUURURDLDDRR
1234568badf790ec	ULDRRURULDRD
23485a1fd67ce9b0	LLLURURDDLULURDRRUULLLDDRDRRULDR
613452a70dc8e9fb	UURDLDRDRUURDDLLLURRRD
1247d5b3af0c968e	DRULLDLUURDDLURDRUURULDRDD
123469785eabd0fc	UULDRRRD
12345a67d9f8e0cb	LURURRDDLURD
5124607893acdebf	DRULLURRDDDR
16b29534d807eafc	LDLUURRURDDLULURDRDD
0134528c976adebf	RDDRRULLDRDR
13765a249fe8d0bc	URDLUURURDLULDRRDD
652374109ef8adcb	ULDLLURRRDLLLDDRULUURRRDDDLURD
65239084e17cadbf	DLDRULUURDLURRRDLDDR
01347298baecd56f	RDRDLLURDDRUULDLURDDRUULDDRR
026417385abc9def	RRDLULDDDRRR
3c7a408f92bed516	URDLLDRDRRUUULLDDDRRUULULDDLURULDRDDRURUULLDDRDR
124867a39cdfe5b0	LULDLURDRRULURULDLLDDRURDR
71ac40b532e896df	ULDDRDRUUULLDDDRRUURULLLDRRRULLLDRDRURDLDR
142376f85e9ad0cb	URRUULLDLDRRUURDLLURRDDDLURD
61347d8c52af90be	LURULDDRURDRUULLLURDLDDRRR
1238d947a50c6ebf	DLLUURURDRULLDDDLUURDDRR
6d0a5132894c7efb	RDLDDLULURURRDDLLUULDDDRULDRRRUULDLUURRDLDDR
356217b49af8dec0	LUULULDRURRDLLURDRDD
472813fc0d5b69ea	DRURULDLDRRUUULLDRRULDRDRDLURUULDLDRDR
3564e9a21fb8d07c	UULDRUULDRRRDLDLUURULDRDRD
123456789e0cdfba	DRULDLURRD
12346b870eac5d9f	DRURDLURULLDRDRRULURDD
d45c6921e3078abf	UULDRRULDDLLDRULUURRDDLLUURRDDRULDDLLUURDDRR
253716849e0bfadc	DLLURUURRDLULLDRDRDLULDRURRD
2704196bd538efca	DDRDLLLURUURDDRULLULDDRRRD
12349570d6c8ebaf	DLDLLUURDRDR
237410685eab9dfc	RULLDDDRURRD
1283564c9a7fdeb0	UULURDLDDR
15046329def8ac7b	DLURDRDLDLUURDDLLURULDRDRRULDR
263419785e0cdbaf	DLUUULDDRRDR
2348697cda5b10ef	URDLULDRUULDDRRURUULLLDDRDRR
124856739e0cdbaf	URULDDDLURDR
146752309ab8defc	LULDRRULDRDD
1348526c9a0fde7b	DRUUULLDRDDR
16239574dab8efc0	LLLUURURRDDD
127356e4ac089dbf	UURDDDLULLDRRRULDR
18c4923fd57ba6e0	UUULDRULLDDDLUURDDRRUULURDLDDR
278b10635a4f9dec	RURDLDRULULLDDDRRUUURDDD
12035674abe89dfc	RDDDLULLDRRR
01345268ad7c9ebf	RDRDDLULDRRR
128357a4d96be0fc	LURRUURDLLDRRD
9124e5d80a3cb67f	UURDRDDLUUURDDDLLURRDLLUURDRDR
246715c3aed890bf	URUULLDRRRULDRDLDLULDRRR
23045b8d6a7f1c9e	DRDLULDRDLUULDDRUULDRRUULLDDRRRULDDRULLDRR
179256fb0adce438	URRDDLUURDDRULDLUURRDLUURDDLULURDLLDRRDLLURRRD
5102a9736fb8dc4e	DDDRULDLUULDRRUURDDDLLUULURRRDDD
1a7de32b684590fc	UURDRUULDLDRRUULDLLDRUURDDRDLULDRULULDDRRRULURDD
12835ba4c67fd09e	URUURDLLDLDRRULDLURDRRULULDDRR
127356b4ea089dfc	LLDRURUURDDD
65129374aeb8d0fc	ULUURRRDLLLURRDRDD
12349568da07ebfc	RDLLLUURRDDR
12345ea8096cdb7f	RURDDLUURDDR
513a27809ecfdb46	ULDDDRUULDDLURRULURDLLLURDDRDR
75349d62ea01cbf8	LURDRDLLULDRULUURDRDLURRULLDLURRDLURRDDLDR
1248563b0a7c9def	DRRRUUULDDRD
0537498c216bdaef	DDRUULDDRRRULULLDRDDRRUUULDRDD
621350789ea4bdfc	ULDDDRURULURDRDDLLULUURRRDLDLDRR
51249630da87efbc	DLDLLUUURRDRDD
964c307f518deab2	DRRDLURUULLDDRULLURDDLDRRRUULULDDLDRULURRDDR
51249038ae6cd7bf	DLUURRDDLDRULURDDLURDR
56129073adf4ceb8	URRDDDLLULDRULUURRRDDLLDRRULDR
6a17304c59df2e8b	URDLLDDRULUURDDRURULLDLDRDLURRDRULURDLDR
234716a0e98b5dfc	DLLLDRURURULLLDDRRURDD
71a3d28905f6eb4c	UURDDRDRULURDLLURURDDDLURDLLLURULDRRULDRDR
014752639ac8debf	RDRRULDRDLDR
7842bc9506a31def	DRUURURDDDLULUURRDLLLURRRDLLLDRDRRULULULDRDDRR
12475a639c08debf	LURRULDRDLDR
16235dc709b4ea8f	RULDRRURDLDRULLDLUURURRDDD
51e867f0a9c43d2b	DLUURDDLUULDDLDRRULLURDDRRUULLURDLDLUURDDRDR
830f16475d2ec9ba	DLULDDDRURURULLDDRUULDDLDRRRUULDLDRRULLDRR
62c71384590bdaef	UURDLDRULULLDDRDRUULURDDDR
6248d9b703ac15ef	RULDDRUULURDLDDRURURULLLDDDRRR
81073624d59fecba	RDDDLLLURRULLURDLDRRULDRRULULDDRDRULDR
25349167ab08defc	LLURULDRRRDD
54fca16027e893db	ULLDDDRUULDLUURDDRRUULDDRULULDDLDRRRULDR
3d2f54b8071c6a9e	DRURULULDRURDLDDRRUUULLDDLUURRDRDLULDDLURDRURD
2704513b6ac8d9ef	DRDLDLULURULDDDRRUULDDLURDRR
a56824d3970fc1be	ULLURDDDLUUURRDRULDLDDRULDRRULLLURULDDDRRR
753120a496b8defc	LURRRDDLULURDLLURRDLDRRD
62bf13507ca89de4	ULLDRDLLDRRUUULLDRDRRUULDDRDLUURDLULURRDDD
01245738aefc9d6b	RRDRDLLLDRRULDRRUULLDRDR
16342d859b07eafc	URDLLULURDRULLDDRDLUURURDRDD
16285943ad07ebfc	RDLLLURUURDRULDDDLLURDRR
3208174c56ebda9f	DLULDDDRRURUULLDDDLURDRR
2348156c9a07debf	RUULLLDRRDDR
127b54a30de8f96c	RDLURRDLURULURRDLULDDRUURDDD
5304d16892cbfa7e	LDDLUURDRRDLDLLURDRRUULDLDRURD
a57310286d4c9ebf	LURDRDDLULUURDDLDRRRUULURDDD
82f3d9560e14a7cb	URRDLDLUURULDRRULDLURDRRDDLULURURDLDLDRURD
51237da4068ce9bf	URDLUURDRDLDLURUURRDLDDR
1e48573c2daf96b0	UUULDLULDDDRUULDDRULUURDDRDR
16435a280d7fe9cb	RDLURRDRUUULDRDLLUURDDDR
12349568da07efcb	RDLLLUURRDRD
24dc108f69abe573	URDLULDDRULDRDRRUUULDLDRDLLUURRDDRUUULDDDR
596cd0174ab3e82f	URDDLLURDRULDRDLUUURDDRUULDDDLLUUURRDDRULDDR
513426709ab8defc	LLLURDRRDD
263451780afb9dec	URULDDDRRURD
120356749abfdec8	DDRDLUUURDDD
124369a75ef8dcb0	LLUUURRDDDLUUULDLDRRRUULDRDD
16045d8792bae3fc	DDLULDRDLUURDRRULULDDRRULULDRDRD
2374658cd9ab10ef	ULDRUULDRRRULULLDDDRRR
273418b05e6c9daf	LLULDDDRURDRUULLDRRD
628315f09da4e7cb	DDLUUULLDDRDRULDLUURURRDLDRD
12735a40de6cf98b	LDDRULLDLURRDLUURURDDD
517c90e26df3ba48	LDRURURDDDLURDLLLURURURDDLULLURRRDDLDLURDR
25481acfd936e07b	LURRRULDLUULDRRDDRUUULDDDR
123469785a0fdecb	DRULLULDRRDR
874fa35c9b6e201d	RULDLUURRRULLLDRDLURULDDRDRRUULLDDRRUULULDDLDRRR
378b15649a2fd0ce	URUURDLULLDRDRDRULUULDDDRR
127395b4a6f8e0dc	ULDRRULLDRULURDRUURDDD
36075124d9c8ebaf	RDDLDLLUURULDDRURULDDRDR
5317a8906d2cbe4f	DLULLDRRRULDDLLURDRRUULDLUURDRULDLLURRDRDD
513426c70be89daf	DRRUULLURDRRDLLDRR
235760189ea4dfcb	URDLLURRDRDDLLUULURRRDLULDDRRD
06231a7459c8debf	DDRUURRDDLDR
1283a0cf94d567be	DRRULLLDRRDRUULURDLLDDLUURDDRUULDRDR
921436580dabefc7	RUURDLLURDRULDRRDDLLLUURDRRULDRD
2304167859ebdfac	LLDDRRDLURRD
0274136859bcdaef	RDRULLDDRDRR
192365840f7bdeac	DRUUURRDLDDLLURULDRRRD
123456780dcfa9eb	DRULDRRRULDR
1348576092afdecb	ULDLDRUULDRDDRULDR
018f459bd326e7ac	DRRDRUULLLDRRULDRRULLDDRULDDRULDLUUURRDDRD
12c356849a07debf	UURDDLURDLDR
1e3da820b4f7965c	ULDLURDLDDRUULDRRULURDLDRDLULDRUULDLURRDLLDRRR
234861f70dec95ab	DRULURDRURDLDRUUULLLDDDRUULDRRDR
263410785dbca9ef	ULDDDRULDRRR
052361749ab8defc	RDLURRRDDD
534820ac1d6be9f7	RDRDLURUULLLDDRDLURUULDRRDDR
2534168fedbc907a	UUULDRDLDRRRULDLURDRUULDDRULDR
51049638a27cdebf	DLDLUURDRDDR
1723568409abdefc	RUURRDLLDRRD
12735a869b04defc	URDLLURURDDD
16825db49e7ca03f	UULDRRDLLUURRURDLDLUURDDLDRR
05342a68197bdefc	DDRUULDRRDRD
512496370db8eafc	RDLUUURRDRDD
05239174a6b8defc	RDDLUURRRDDD
234e1567bd8c9af0	UUULLLDRRDRULDRDLLULDRRULDRR
9163d5b4ea8270fc	LUUURRRDDLLDLUURDRURULDLURRDDD
75c43f18e9ab20d6	UULURDRULDRDLLDRRRULLULDDRRULDRRULULLURDDRDR
512390746facdb8e	RDDRULLDRULLUURRRDDLULDRRD
4e0832c5917fabd6	LLDRDDRUUULLDRRRULLLDDDRRRULDLUURDDLULURRDDR
0a281563dbc4e9f7	DRURRDDLLDLURURURDDDLURULDDR
1248573b960cdeaf	DRUUULDLDRRD
124856309a7bdefc	ULDDRD
162f5930dc47eba8	LDDLUUURDRULDRDDLLLURRURDDLURD
25349168da7be0fc	LUURULDRRDRD
513492680d7ceabf	RDLUUURDRDDR
1624d738a5cf90eb	LURULDDRRRULLUURDDDLULDRRR
23451678de9cabf0	UUULDRDDLLUURULLDRDRDLLURDRR
04fba9231d68e57c	DDRDLURUURDLULDDRUURDDDRULLURRULDRDDLUURDD
2374156f9a08decb	URDDLLURUULLDRDDRURD
1423958c07ebdaf6	URURDRDDLURULLDRRULURDLLDDRR
230716485ecf9dab	DDDRUUULLLDDDRURURDLDR
072351649dacef8b	DDRRUULDRDDRULDLLUUURDRURDDD
523bed9401c8f67a	URDLUURRRDDLDLLUURRDDRUULDDLUURULLDDRRURDD
1264e3580f7d9acb	UURDRULLDRRDRDLULDRULLDRURRD
023415c79b8fd6ea	DRDDRRULURDLDRUULLDRURDD
1203568b9a47defc	DDRULURDLDRD
9652ea7438bcfd10	ULULDDRUULDLURDDLUUURRRDLLDRDLLUUURDLURRDDRD
95126438d70cebaf	DLLUUURRRDLLDLUURRDRULDLDRDR
368412af59c7deb0	LUUULLDDRRRULULDRDDRULDR
51239064ab78defc	RDLLUURRRDDD
123850c469bf7ade	URRDLULDLDDRULURDLDRRRUULLDLDRRR
123456b7d908aefc	URDDLLLURDRR
148c2a5396b7d0ef	RUULLDRRURULLDDLURDRRUULDDDR
123467c85a0f9deb	ULLDDRRRULDR
5123964cef08ba7d	DRUULDDLURDLLURRRDLLLUUURRRDDLDR
51372d84e9bc6fa0	ULDLLURULDRDLUUURRRDLULDDRRD
13025a746ef89cdb	DLURRDDLLDRULLDRRRULULURDLDRDR
123457a86dfb90ec	ULDRRUULDRRD
1834526bcdea907f	ULDRURRDLLURRDLURUULLDRURDLDRD
134869250e7cadbf	DRULURRRULLDRDLLURDRDR
1348627c59bfdae0	UUULLDLDRDRR
3f781052ed9ca6b4	DRDRULDLULDRUURDDLUUURDLDRURULLLDRRULDDLDRRURD
02481eac5937d6bf	DDRDRULURDDLUURDRUULDDDR
5124738096bcdaef	LLLURRDLDDRR
270415bc93a8de6f	RDLLDRDLURRUULLDRDRULULLDRDDRR
12346a785d0b9efc	DLUULDDRRURD
264817309aefd5bc	ULDLULDDRDRURULLDDRULLURRRDD
250369c418f7daeb	RDDLLULDRUULDRDDRRULURDLDR
237e184096bc5dfa	ULDLDLDRRRUULDRUULLLDDRRDLURURDD
140752b396a8defc	LDDRURULDRDD
a163278459bcd0ef	UUULDRURRDLLDDRUULULDDRRDR
51489e306c2fda7b	ULDDDLUURDDLULUURDDRDRULDR
b9543ca76218d0ef	LURULURDRDLULDDRUURULDLURDRRDLLLURDDRR
65271b8dae039cf4	URDDLUULULDRURRDDDLLURRDLLULDRRUUURDDD
a3642d150e8c97bf	RURULLDRURDRDDLLULDRUURULLDRRDDRUULDDR
67e41823a5dcb0f9	LURRUULLDDRURDLUURDRDDLLUUURDDRULLDRDLLURDRR
1203978465acdebf	RDLLDLURDRDR
512460379af8decb	LURRDRDDLURD
146850239e7bdfac	RULDRRULDDDLURRD
162750439ac8debf	URDRULDRDLDR
568324fe1d0b79ca	URDDLUULULDDDRUUULDDRULDRRRULURDLLLDDRURRD
65139fb478cad0e2	RULURDLLUURRRDDDLUURDLULDRURULDLLURRRDDD
120456379ac8debf	DRDLDR
0254173896acdebf	RRDLULDRDRDR
61237084d9cae5fb	DDRURDLLLURULURRRDLLLDRRRD
123456f7d9a8e0cb	LURRURDDLURD
16829b34dac5e0f7	RUUURDDDLUURDLDLUURDLDLUURURDRDD
1624a93705b8defc	URDLURURDRDD
127356b4da08e9fc	LDLURRUURDDD
1307628459acdebf	RDLULDLDRRDR
263451f87a0e9dcb	LLURDRRDLUULULDDDRRURD
12346a705fb89dec	DLLULDDRRURD
14926a8bd3cf50e7	LUURURDLDDRURDLURULURDLLLDRUURDDLULDRRRD
16235084ab7c9def	URRDLDLLDRRR
276315b49a08defc	UULLDRRURDDD
263e107b5d849fac	RRULDRDLDLURUURDDDLUULULDDDRRR
23741a6805bc9def	RURULLDDDRRR
1204a7385bc69edf	DDLDRUULLDDRURRULDLURRDLDR
2648173059abdefc	ULDLULDDRRRD
3d4820c167be59af	RRDLULDRRULLULDDRULDDRURRUULLLDDDRRULDRR
2534918cedba67f0	LULDLUURDRRULLULDDRDLUURDRDR
230416b75ea89dfc	LLDDDRURURDD
2478163b590adefc	RUULLLDDRRRUULDRDD
51249638db7ca0ef	LUUURRDDLDRR
12736b549ecadf80	LUULDRRDLLLURULDDRURUURDDD
39756024a1b8defc	ULDRDLURRURDLULDRULLDRURDRDD
513426709ac8debf	DLULLURDRDDR
52a37cb09f146ed8	LDLURDLDRUURDDLUUULDLDDRULUURRRDDLULDRRD
023416785bcf9dae	DDDRRRULLDRR
751230896ce4dabf	URDRDDLULUULDRRURDLULLDDRURULDLDRDRRULDR
5a06b38e9214d7cf	DDDLLUUURDRRDLUURDLULDDLUURDLDDRURDLUURDDR
12345a67ec089dbf	LLDRUURRDLDR
517493620bf8deac	UURDDDRULURRDDLULURULDDDRR
013452679ea8dfcb	RDRRDDLLURRD
52768130ea4b9dfc	LDLULURRRDLLURRDLLDLURULDDDRURRD
5123a97406b8defc	URDLUURRRDDD
79386b240ef5cda1	DRRURDLULLDRRURUULDDLURRDLLDLUUURDLURRRDLLDLURDDRR
952316c7da4fb0e8	LURULURDDDRRULURDLDRULLLUURRRDDD
162395740db8eafc	RDLUURURRDDD
a5231e8b970cdf46	DRUULDDRUULDLUULDRURRDDDLLUURDRD
513420b8dc7f6a9e	RDLULDDRRRULLLUURDDDLURDRR
437e2da618095fbc	LURDDLUUULDDDRRURUULLDDRURDLURULLLDDRRDLUURRDD
63097d84152febca	RDLLLDRURDDRULLUURDLULDDRUURDDDLLURRDR
12346a80579bdefc	LLDRULLDRRRD
134b72c85d0e69af	RUULLDLDDRULDRRUURDLULDDRR
1234578b960fdeca	RDLURULLDRRD
76a493d821ebf05c	RUULDLURULDRRULDDDLURRDLURUULDLDDRURRD
524861309a7cdebf	ULLDLURRDDDR
1234e0659fb8da7c	RRDLDLUULDRURDDLULURDRRD
01345268ad7c9ebf	RDRDDLULDRRR
061453b72df89eac	DDDRRUULURDLLDRDLUUURDRRDD
5348217096abdefc	ULLDLURDDRRD
0534b29adf168ec7	RDRDLURULDLURRDRDDLLLURDRULURRDLLURRDD
014b6593a2f7dec8	DRDLUURDRRULDRDDLULULDRRURDD
012456389b7fdace	RRDDDRULLDRR
1357e4286acf9db0	UULLURDRULDLURDRDLLLURDLDRURDR
2348571c96afdeb0	UUULLLDRRULDLURRDLDRDR
128356749abcd0ef	RUUURDLDDR
1562a3749d08ebfc	ULLDRUURRDDDLLLUURURDDDR
162357f49a08decb	ULURRDDDLURD
2173d0a4eb58cf96	URDDDLLUURDRDLLURURULLDRRURDDDLURULDLURRDD
2c8351f4067b9dae	URURRDLLULDDDRRRUULLDDRRUULDDR
264817305abc9def	ULDLULDDDRRR
8704326b51fc9ade	LLDRURDLDDRRUULULLDRRULLDDDRRURD
54872163dafbe09c	RULDLURRRUULLDLURDRRDLURULDDRD
234891a6dbec57f0	LULDLUURDDRUULDRURULLLDRRDDR
23a415c89b0ed6f7	RDLUUURDDLLDRUURULLLDRDRDR
57132e840adc69bf	RUURRDLLLDDRULUURDDRDLULDRRR
13f472c809ae65db	DRURUULDLDDRRURDLUULLDDRRURD
0314672e598bdafc	DRURDDRULDRDLUULLURRDLLDRDRR
51632de4bc079af8	UURDDDLULULURDRRDLDLULDRRULDRR
1a42973056f8decb	LURDLLLDRUULDDRULURRRDDDLURD
1348627b5dcfe9a0	ULDRUUULLDLDRDLURRRD
580ed1469732bfca	DDRUULDDRUULLDRURDLDLLUURDRDRDLLLURRRDLLURDR
91b263f4a5e870dc	RUULLURDDLDRULURDDRURULURDDLULURRDDD
12346a78db0c59ef	LLDRUULDDRRR
a134d068e529fb7c	DRDLLUURRDRULLDRDLLUUURDLDRURRDD
120356849acbde7f	RDDLDRUULDRD
2ba39514d6f7e0c8	LUURULDRRULDLURRRDDDLUULDRURDD
51236a84d907efcb	RDLLLURULURRRDLDRD
51236a74d9b8e0fc	LURULURRRDDD
650317489af2decb	RDDDLUURULDDRULLULDRURRDDD
670325b49ef8d1ac	DDLDRUUULDLURDDDRUUULDLURRRDDD
512c6b47d8efa093	RULDRRULDLLURULURRDDRUULDDRULDLDRR
12c4608fa7be593d	DRDRUULURDLDLLDRRRUUULDLLDDRRR
537194b2d68ca0ef	RRULULURRDLLURRDDDLLLUUURRDLDDRR
12c390a4567bde8f	DLURRURDLDDLLURURDRULLLDDRRR
1248953b67cfdae0	ULLLURDDRRUUULDDRD
24671538edbcf0a9	RRUULULLDRRDDLLURRDLLURRURULDRDD
0124a63759b8defc	RDLDRUURDRDD
0274d1fa5e386c9b	RRDDDLULURRULDDRURDDLLLURDRUUULLDRDRRD
512360749af8decb	LURRRDDDLURD
1234568cabe790df	RURULDLLDRRR
317a26845e0f9dcb	DRULLUURRDLULLDRDRUULLDDDRURDR
16235b840d7a9efc	DRUULDDRULURURRDLDRDLLURDR
5234d718096baecf	UURDRRDDLLLUURULDDRRRULLDDRURD
13485ec609f7d2ab	RURRDLLDRUULDRURULLDDDRRULDR
58a913f762bcd4e0	ULUURDLULDLDRDRUURULLDDRULLDRULURRDRULLDDRRD
2a5390b4edc8671f	URRDDLDLULDRUURDDLUURDLLURULDRDDRR
127395b4d6a8e0fc	LUURDRUURDDD
7348109e26cf5bda	ULDDRDRRULURULLDDRULLDDRRUUULDLDRDRR
162850439a7bdefc	URDRULDDRD
da785213f94e60cb	ULUURDRULDRDRDLULLUURRDRULDLDLDRULURDLDRRURD
123450679ab8dcef	DDRULURRDLDR
5137402896bcdaef	LURDRULDDDRRUUULDRDD
19d372480c6aeb5f	DRRURULULDRDLDLURURURDDLULLDRRDLLURRULDRDR
26341e785a0b9dfc	LUULDDDRURRD
2348167c5abf9de0	UUULLLDDDRRR
24681957da3befc0	UUULLLDRRDRUULDRDDLLLUURRDRD
652491380a7bdefc	UURDLURRDDRD
12346a789b0cd5ef	LDLURULDDRRR
16235f40b78c9ade	LLDDRRULULDLDRRULUURRDDD
e54218f30a7c69bd	DRURDRULUURDLLLURDDDRULLUURRRDLLDLDRURRD
12345678adfb9ec0	LLULDRRURD
12479630e5dafc8b	ULDLDRRDLLLURRRDLLLUURRRDD
3248f751d90eac6b	URULDLDRDLLURULURRDLLURDLDRRRDLUUULDDDRURD
0387462c15bade9f	DDRUULDDDRRURUULLDRRULLDDDLURRDR
512360749af8decb	LURRRDDDLURD
26731054bdaf9ec8	ULDRRDRDLLULURDLDRRUULDRUURDDD
134856c2970fdeba	URDDLULURDRUULLDDRDRULDR
123456780d9baefc	RRDLLURDRURD
162450379ea8dbfc	URDRDDLLURDR
16025384d97caebf	RDLLURDDDLLURDRR
6408397c1d5feab2	LLDDRRDRUUULLLDRDDRULDLUURDRUULDRDDR
51249078d6f3aceb	DDLUUURRRDDLURULDDLDRRULDR
12346a780dfb59ec	DRUULDDRRURD
1348527c96bfd0ae	RRUUULLDDDRR
18ca5d43072e6b9f	RRUURDLDRULULLDRDDRULLUURDDDLURDRUUURDLLDRDR
134862b75a0c9def	URULLDLDDRRR
18a36524d90ceb7f	DLLUURURDLULDDRULURRRDLDDR
273416fe5b98dac0	UUULLDDRRDLUULULDDRDRUUURDDD
23761540d9e8afbc	ULDDDLLURRURULLLDRRRDDLULDRR
023415b7d6a8e9fc	DRDDLURRURDD
1708543c92fbd6ea	DLURDLDDRURDLURUULLDDRDR
12345a679e8cd0fb	RRULDLUURRDD
543d1af7290bec86	UURDDDLLUURULDRRDDLULULDRDLURRURULLDLURDRRDD
5472918bd3ace6f0	UUULDRULLDDDLUUURDRRULLDDRRD
2a835047d1c6e9fb	DDRURULURDLDRDLLLUURULDDRURDRD
236415b79a0d8fec	DLLURRRDLULDRULLDRRRULUULLDRRRDD
234810675abc9def	RRULLLDDDRRR
127356b4da08e9fc	LDLURRUURDDD
023c1a745db896ef	DDDRUUURRDLULDLDDRULURDDRUURDLDR
123459b7df08ae6c	LURDDLLURRULDDRUURDD
027316a4dfb859ec	DRRURDDLLLDRUULDDRRURD
16739520dbcfae48	ULDDDRULDLLUURURRDDLUURDDLLDRR
570391c46b82daef	RDDLUULDRRDLLLUURDRULDDDRR
5642bd30798ce1af	LLLDRDRRULULDRUULDLDRDLUUURRRDLLURRDDD
16035298abc4def7	LDRULLDRRRDLLLUURRRDDDLURULDDR
2634a07815bc9def	LDRUULDDDRRR
632715c409a8debf	RRUULLDRURRDDLLURULDDRDR
16245a389e07dfcb	RDLLUUURDDRD
1273a0b456ecdf89	DRDRULDLURULLDRURURDDD
26341978d5bca0ef	LURUULDDRDRR
1b24a037956cdfe8	URDDDLLURULDDRURRDLLUURRDLDR
0562af371d4be98c	DDRUULDRURDDDRUULURDDLLDLURUURDRDDLURD
237c6a4801bf59de	RUURDRULLDLDDRRRUULULLDDDRRR
0574318c2fae96db	DRULDDDRRULULDDRRURDLURULULDDLURDDRR
27841653ed0f9cab	DLUURURDLULLDRDLDRURDRUULURDDLDR
358b176492cfdea0	ULURULDLULDRDRDRUUULLDDRRD
127356480eab9dfc	DRURRULURDDD
12c79a536f04de8b	LURURDDLDRULUURDDLLLURDRDR
1238a64c597fe0db	UUURDDDRUUULLDDRULLDRDLURURDDR
1248563b0a7c9def	DRRRUUULDDRD
570321649ab8defc	LDLURDRURDDD
5126fd47930aeb8c	LULDRULURRDDRUULDDDLUURRDLDLLURURRDD
12345678df0ba9ec	LDLURDRURD
123456789cefd0ab	RULDRRULDR
5134d2780f9ea6cb	RDLUUURDDRRDLLLURRDLURRD
1234b0685a7c9def	LDDRUURDLDRR
137462b05ac89def	DLUULDLDDRRR
51342a680e7c9dbf	DRUULURDRDDR
15027b639ac4def8	DLLDDRRUULURRDDDLLLUURURRDDD
234816705afb9dec	ULLLDDDRRURD
3184905bd276eafc	DDLUURULDRRULLDRDRRULDLURDRD
1273abd46f0e95c8	RDLULDRUULDLURDRUURDDDLLULDRRR
098367251dc4afbe	DDRULURDRRDLDRULLDLUUURDRURDLDLLURDDRURD
23046578abdc19ef	DLDRULLDDRURUULDLDRUULDDDRRR
2307db841e5ca69f	RDLDLULDDRRULURULLDDDRULURDLDRRR
518b9324067adefc	UURDRRULDDRUULLDDRRD
1748532096bcdaef	ULDLURDLDDRR
12345678edac9bf0	LLULDRURDR
642c18ef5b0d9a37	UULLDDRRRUULDLDRDRUULDDLUUURDDLLDRRULDRR
514736c20a8b9def	DRUULURRDRULLDRRULDDRULULDDDRR
1d349728e6b5afc0	LURUULDLURDDLURDDLULDRULURRURDDD
03c4257816af9deb	DDDRRRUULULLDRDRURDLDR
130f572b4acd698e	LDDLDRRRUUULDDDRUULLDDRUULDLDRRRUULLURRDLLDRDR
512367d4098ceabf	RURDLULDRDLUUURRRDLDDR
6a139284b70ed5fc	LLURURRDLDRDLULDLURULURDLDDRRR
6147308bd52cea9f	LURRDDDLLURRDRUUULLDRRULLDLDRRRD
5123a9f4deb76c80	LLUULURRRDDDLLLURRULDDRUULDRURDD
12346ba05987defc	DLULLDRRURDD
12345a6c9e87d0bf	UURDRULDDR
163457289abcdef0	UUULDLURRDDD
123c584069a7debf	ULLLDDRRRULLLURRRDLDDR
2f0b19436ce5da78	RDLULLDRRURDDDLUURDLLDRRULDLUURDLLURDDRR
561320e4bd8c9a7f	RDDLUUURRDLDLULURDDLDRRULDRR
1328e94f5ac760db	RULLURURDLDLDRULURDRRUULDDDRULDR
1658942cb37fdae0	UULLDLUURRDRULDLULDRURDDLDRR
12345a679e0cdf8b	DRULDLUURRDD
1724a5380e6b9dfc	URULDDDRUULURRDDLURDRD
1a23e58469cfd0b7	ULDRRRULLLURURRDLDDLULDRUURDDR
05342167eab89dfc	DRULDRDLDRUURRDD
1763a92f5b84dec0	LLUUURDRDLULLDRDRULUURRDDD
6de320741ac859bf	URRDDLLUULDDDRUUULDDDRURDR
35871924da6cebf0	LULUULDRRURDLDDLLURRUULDDRDR
234716fb05dca98e	RRDRULURULLLDDDRULDRRUURDD
1268743b5ade90fc	RUULLURRDDRUULDLULDDRDRULLDRRURD
2f4b51c076e8a3d9	ULLLDDRDRUURDLUULDDLDRRRULULLURRDLDLDRRULDLURRRD
4b87352019acd6ef	ULDLULDDRURULLDRRDLDRUURULLDDRDR
5134a267e90cf8db	DLLURRULLDRURDDRULDLLUUURDRRDD
5f342e1a0b68dc79	RURDDRULDLUUULDDRRULLDRRURDDLUULULDRDRURDD
51236a740eb89dfc	DRUULURRRDDD
1234d578e6ab90fc	LUURDDLURRRD
1243da50e6c7f98b	ULLDRRDDLULDLUURURDDRDLLLURURRDD
120456f8dc3ba97e	RDLDDRUUULDDLDLURDRRULDR
25076a431d9efcb8	DLLDRUULDRDRRDLLLURRURULDRDDLLURRD
376420d81bec5a9f	RULLDDDRRULURULLDDDRULDRRR
023416785dfba9ec	DDDRULDRRURD
12035b7496f8daec	DLDDRUUURDDD
16245038da7be9fc	URDDLDLURRRD
123456789f0edacb	RDLULDRURD
016357249ab8defc	RRDLURRDDD
26345178adbc90ef	ULURULDDDRRR
530421d8976ceabf	LDRDLULDRDLUUURDRDDR
5162eda3cb74908f	UURDDLULUURRRDDLLLDRUUURRDDLDR
15029368a7fbdec4	DLURRDDDLURULDLLURURDRULDDRD
1723958406abdefc	URURRDLLDRRD
510264789af3decb	RDDDLUULLURRDRULDDRD
2478915cd63bf0ae	LUURRULLDRRDRUULDLDDRRULLDRURD
63521b849f0cda7e	LUURRDDLDRUULLULDRURDDLDRR
5a27638e0f419dcb	URURDDRUULDDRDLULURRULLDLDDRRUULLURRDDRD
260c1784d93ba5ef	DRULDDLDLURRRUULDLULDDRDRR
23a71580d9b6ef4c	DLDRUULDRULURDDDLLLURRUULLDRDRRD
234851f0976adecb	LDLLURRDRUULLLDDRRDRULDR
364812c75d0ea9bf	RDLUULULDDDRUURRULLDDLDRRRULDR
16235a709c84debf	DLLUURRDDLDR
183462e75d0ab9fc	URULLDLDRDLURRUURDLDRDLLURDR
5134d726e9bfca80	LLLUUURDRDDLLURRRDLUURULLDRURDDD
254310679a8fdecb	RURDLDDRULLUURRDLULLDRDRDR
a2d3b014598f76ce	LDDRUURULDRDDRULLULDDRUULURRRDLLDLURDLDRRR
a18ce563b2049d7f	LLURRRULDDRUULDDDRUULDLLUURDLDDRUUURRDDD
01236a845c7f9deb	RRRDLDLULDDRRRULDR
571a9640d3c2ef8b	DDLULUURDRULDDRDLLLUUURRDRDLULDRRD
162794f0dac35b8e	DLDLLURDRRULULDDRULLURURDRULDRDD
6524d13709bcef8a	UURDLURRDDDRULDLLURRURDD
1347905cd2a6be8f	DRRUULLDRDDLLUURDDRRULLURRDD
471b638f2aecd590	UULULLDDDRRULLDRURRUULLDRRULLDLURDLDDRRUURDD
01639254a7c8debf	RDRURDDLLLURRDDR
613452789b0cdaef	LLUURDLDRDRR
61345078a2bc9def	DLUURDLDDRRR
9b5827430e61adfc	DRUUURDLDRURDLURULDDLULURRDDLLUURDRDRD
123467a85d0be9fc	ULLDRDLURRRD
9134a268057cdebf	UURDDLURRDDR
958cd4a671fbe023	RURDLUULDLUURDDDRURUULDDRUULDLDRDLLUUURDDRDR
51349278d60befac	DLLUUURDDRRD
6124a5703f98debc	LULDLDDRURDLLURULURRDLLURRDRDD
240ad5f3617e98bc	LDDDLUURULDRDDLURRURULDLDDRURULLDRRDLLURDR
613452789eacd0bf	ULUURDLDRRDR
12345678edaf90cb	ULDRURDRULDR
1234d5b709ce6a8f	URRDRDLLLURDRUULDDRURDLUURDD
167253f0ac849deb	DLUURDDLULURDDLLDRRRULDR
253490b7d1f8eca6	DRDRULDLURRDLLLUURULDRDRURDD
a12697d3ec5b80f4	LUUURDRDDLUULDRURURDDDLLLUURURDRDDLUULURRDDD
51389247da6bf0ec	URDLLUUURRDRULLDDRDLURRD
51472930da68efcb	ULDDLULURDRRDDLLLURRRD
0264513b78ac9def	RRDDLLURRDLUULDDDRRRUULDRD
3521d7f8ba9c604e	URUURDDLDLULUURRDDLULURRDLDDLURDRRUUULDLDDRR
9103d57462baec8f	DLDLUURDRDRDLLLUURDRRDLUUURDDD
09231548e6dbafc7	DRULDRDRRDLURULDDLULDRULUURRRDDD
12345b679a08decf	DLUURRDLLDRR
51732a649eb8d0fc	UULURDRURDDD
517a30c49e82dbf6	LURRRDLDRDLLURRULULDDRUULDDRDR
162450387bcf9dae	DLDRRRULLUURDDLDRR
5248d73c091fe6ab	URDRDRUUULLLDRDDLUUURDLURRDLDRDR
1234568cd97faeb0	UULDDLLURDRR
548c2761d93ae0bf	LURURDLURRULLDRDRUULLDLURDDRDR
1648d0735bec2a9f	LDDRRUURULDDLUULDDDRUULURDDLDRRR
1624e530ad98b7fc	DDLLULURDDLURRDLLURUURDDDR
023416785feb9dac	DDDRURDLURRD
174652803abc9def	LULDDLDRRRUUULDRDLLURDRUULDRDD
1348527c96ebdaf0	LURUULLDDDRR
51349267aeb8dfc0	LLULUURDRRDD
1283564b9af7d0ec	RURULURDLDRD
1234956bda87e0fc	LUURRDRULDRD
138650a4972bdefc	RURDLDLURULDRDRD
51629378d40febac	ULDRRULLDDRULDLUUURRRDLLURRDDD
274810369e5bdfac	RRULLDRDDLUURULLDRDRRD
347856c021bf9ade	LULDDLURULDRDDRRUUULLDLDDRRR
d708216c594fa3eb	LDLURDDLURDDLUURRDLDRRUUULDDDRUUULDRDD
2374168cead950bf	ULDRURRULULLDDRRDLLURDRR
9634b5172ac8d0ef	UULDRURULLDRURDRDLLUULDDRDRR
023416785bcf9dae	DDDRRRULLDRR
073a4d58e26c19bf	DDRULDDRUUULDDDRUURULLDRDRRUULDRDLULDRDR
a1486270d9bc5e3f	DLDLULUURDLDDRUURDRUULDLLDDRRR
1348627c590adebf	RUULLDLDRRDR
517392640fa8dbce	UURDRURDDDLULDRURDLULDRR
123456780decb9af	DRULDRRULDRR
1234578bd69face0	UULLDRRDLLLURRDRULLDRR
12b48f9e537ca06d	UULDRRULDDRULDRRUULURDLDRUULDLDLDRRULLDRRURD
91f3a724c8be60d5	RULURURDLDRDLURULDLLUURDRDLLDRULURDDRRULDR
b632f514ad079ec8	DLUULDRURULDLURDLDDRRULUURRDDDLULUURDRDD
a24890137e5cdb6f	RDDLULURRRULLLDRURDDLURDDR
0724f196d83ce5ba	RDRDRDLULDLURULURRDRDLULLDRRURDDLUULDRRD
324b561c980fda7e	LUULDRRDDRUUULLDLURDDDRRUULDRD
214796385cfedba0	UUULLDLURRDRDLLULURDLDRDRRULLDRR
123460b759e8dfac	LDRRDLURURDD
123c508fd64ab97e	URDDDRUUULDDDRUUULLDDDLURDRULDRR
61345278d9abe0fc	LUUURDLDRRRD
283b106f5c97da4e	DRDRUUULLLDDRURDLDRURDLURULURDLDRD
1608e342a5fb9dc7	DRDDLURUULDLDLURURDDLLDRURRD
5134206b9a87defc	LURDRDRULDRD
0c24163f578b9dae	DRURDDDRUULLDRULLDDRRRULDR
12349580eadcb76f	LLDRDLLURURDDLLUURRDDR
51249637abf8d0ec	RULLUURRDRDD
12835a649e0c7dbf	UURDLLLDDRULURDRULDRDR
12035674eab89dfc	RDDLLLDRURRD
174b95620d83eafc	RDLUURRRULDDRULDLUURDLDRRD
2a541367db08e9fc	ULURDDLDLURUULDRRRDD
26371cfa5e049db8	ULULDDDRRUURULLDRRDDLLUUURRDDLDR
a1574d386f2ce09b	UUURDLLURDRULDRDDRUUULDLLDRRDLLURULURRDRDD
d6a35082e974bf1c	LURDDRURDLDLLUURRDLDLUUURDRULDRDLULURRRDDD
064b21375fe8a9dc	DRULDDDRRULLDRRURUULDDRULDRD
51043287d9ba6efc	DDDLLURULURDDDRURULULDDRRULDRD
12479530ab68defc	ULDDLLURRRDD
523461709ab8defc	ULLDLURRRDDD
514ba936d278e0fc	LUURDRRUULDDRULDLLUURDRDRD
1234a5786f0b9dec	LLURDLDRRURD
12346a7895fbd0ec	LURULDDRRURD
2834156c9d7feab0	UUULLLDDRDLUURRURDLDDR
a234901de678c5bf	RRULLDDDLUUURDDDLUURRDLUURRDDLDLULDRRR
0182a53c9e47db6f	DRRDDLURRULURDLLDLUURDLDRUURDDDR
265410379ab8defc	URDLULDRRRDD
23641078e95cadbf	DLDRURUULLDRDLURRDDR
6582134097cadebf	ULDLULDRRRDLURULLDRDLURULDRDDR
367451d82acf90eb	ULURULDRDDRRULUULDDRDLUULDDRRR
